business_name,address,phone,category,place_id,rating,review_count,photos,reviews_json,hours_json,website,local_file,approval_status,email,live_url,pipeline_status
Provo Plumbing Drain Services,"282 W River Bend Ln Suite 230, Provo, UT 84604, USA",(801) 877-5175,plumber,ChIJ3TXM7WGzwoAR1KhdKyRBXBY,5,25,,"[{""author"":""Taniyah Jaiden"",""rating"":5,""text"":""Water pooled under the guest bathroom vanity cabinet. I called this plumbing service without delay. They replaced a cracked pipe and sealed all joints. Their careful repair prevented additional issues""},{""author"":""Jeffery Reyna"",""rating"":5,""text"":""I appreciated how their technicians handled a constantly dripping outdoor faucet. I called the team after noticing water pooling outside. The tech replaced worn components and tested pressure. The fau""},{""author"":""Matthew Miller"",""rating"":5,""text"":""A slow drip developed at the water heater outlet. Their plumber replaced the faulty connector and tested the pressure. The area remained dry afterward. The system was checked carefully. I’m confident ""}]","[""Monday: Open 24 hours"",""Tuesday: Open 24 hours"",""Wednesday: Open 24 hours"",""Thursday: Open 24 hours"",""Friday: Open 24 hours"",""Saturday: Open 24 hours"",""Sunday: Open 24 hours""]",,,,,,email_skip
Plumbing Pros of Provo,"281 W 1230 N, Provo, UT 84604, USA",(385) 412-8168,plumber,ChIJE5r39gTfyYsROwJzERmauPo,5,32,"[""https://maps.googleapis.com/maps/api/place/photo?maxwidth=800&photo_reference=AU_ZVEGdPntWZTAvFuRi7cGqYifN02nKpY1n3AKjoUNyuA6IJWvOCQllxDpR6orKaT2kv-fv0gDsbNGgy8YsGrVUUzbhxVaP3b7kTCTGZ5DdyEziq2pOJ8NnpAw3WttanrujNA4p3JziYkwbgKMCE5dAj3kGkEkIrHXdqJ8HByJZFMkh2WXv9u77FL_KwK3wupw1KFU7NHfhk4sXpdhgXeFipDizZ9febvVTIUiarLvBGJBs7heachHfiF1hadePz6txFOsFPmKevytyR8n-zJ6bbBVQdNpDNN2mMi63fRobTLgTYw&key=AIzaSyDBeBhQkLxb3tKDr7QqOhWdZr9nbFBWCIA"",""https://maps.googleapis.com/maps/api/place/photo?maxwidth=800&photo_reference=AU_ZVEFquZ-VR0k2Ef6B045hv_CKWhMetxhJ9ggTwjk_nfKWJfeOfU-HPx7tVXK6XGVIBqi8Dzm6lxYsOtb71aFCxYMVzfGYRYFlcol8G97_mcUhzi9nL-u-jrsA1Y4jxOSslBE_9HuzblHq-GgU91iUzWtZczek_Vz1mc-RH524qIRO6dlcZgVf2_EkrV8wgDpyximeP0PF9B306QrBGqbIzhoIvdpF6Pe379lFU5LANnHe8q1JBNRGmUd6o7l4gZ9Cj3owVch7V1TIA4EbV_H6xVVIcVlIooKnTv-6jtguME6mUQ&key=AIzaSyDBeBhQkLxb3tKDr7QqOhWdZr9nbFBWCIA"",""https://maps.googleapis.com/maps/api/place/photo?maxwidth=800&photo_reference=AU_ZVEGn16ORjoybt9VGpRdJN-46PGBUc9mJCBkoK2Ud7iP1Fs7WJzPlEjgyOKC5TVypup_rlXFCJBjjpQTXxEq-EilXa8rK4tWbX0hQC7oVpe1tZtjxChetyQE3ywTvIxe_GGo1Al1sF6jDhlK9-bxc09ad6NoSD7EpvC5laVtGpERdcxNud9OjWEOx0g465WtM4erLP7PhRlKuoEda_TWnIEL8pWShQj16OipRBv94M9NK5VwTfb8CvnkvMEgLyLH46Z0OtdKcBnzbuSw_GJ8OEx_b9hG8g1TNWLB5rwlY187Y2w&key=AIzaSyDBeBhQkLxb3tKDr7QqOhWdZr9nbFBWCIA""]","[{""author"":""Kaleigh Elijah"",""rating"":5,""text"":""After a frustratingly long week of cold showers, the plumber arrived on time and quickly diagnosed the issue. In no time, the hot water was flowing again. Their professionalism and efficiency were imp""},{""author"":""Kameron Zaiden"",""rating"":5,""text"":""Transforming my outdated bathroom into a modern oasis was a breeze with this plumber's help. Their attention to detail shone through, making the new shower both functional and aesthetically pleasing. ""},{""author"":""Pierre Kali"",""rating"":5,""text"":""After battling a persistent water issue, I was relieved to find a skilled plumber who efficiently tackled my sump pump troubles. He arrived promptly, diagnosed the problem quickly, and had everything ""}]","[""Monday: 8:00 AM – 8:00 PM"",""Tuesday: 8:00 AM – 8:00 PM"",""Wednesday: 8:00 AM – 8:00 PM"",""Thursday: 8:00 AM – 8:00 PM"",""Friday: 8:00 AM – 8:00 PM"",""Saturday: 8:00 AM – 8:00 PM"",""Sunday: 8:00 AM – 8:00 PM""]",,,,,,email_skip
Esparza Brothers Plumbing Co,"591 S 300 W #8160, Provo, UT 84601, USA",(385) 381-6756,plumber,ChIJZ8k7v5iXTYcRprqsLLKJEvQ,4.7,114,"[""https://maps.googleapis.com/maps/api/place/photo?maxwidth=800&photo_reference=AU_ZVEGlJfz4X3ZFJ2I-A1vTg_HFkshdRAwYtW05UzBQyRZYV7F1ShFuNSlt-WeEIR-Be93lrHUchmBGMvZSuH05eKSBzS5YNdqQLb9HKYGcHcfxJUoaNE8egLhs_l1ItLSswGl838WmdvSpUvcN2ZmKwhCcDcstTU3Vg3U6BJW15CzOzmFKCrvXOJcyKftVfiL48DRR7Y6XwXd60MWU9GMez8_x8mwiMHcEIBbAPiQdTe4ON9spKG1Wgs6OSdXBAgKVl3HjORVrBwYTuepAC8Bby2kcjlNXaEhMu5f9XEo1sq9FtMKOCatt9rpKMqT-7aGMHHwI73YNeulLThCsHFWRT4FAXwLy8OTcTy8p1mLeisiVznggyc7nLaXKajtTgOS66I7-jiGji-or-gg-mE4VO71Ed3QwxOjb4mzFdtLHBhBmZFnEoCsY1k9YXEFXzw&key=AIzaSyDBeBhQkLxb3tKDr7QqOhWdZr9nbFBWCIA"",""https://maps.googleapis.com/maps/api/place/photo?maxwidth=800&photo_reference=AU_ZVEH48TDbnLy6bfFGQ5wt5LcXGIV3aLoDlZTYRJLXxWydJoc1_MxK3W2NOLY7HORNnCiO-Y1Y6LbliZntLWmsFnaFwLAqwjOzfHMoWSPWEJRdXnXKQj3VG8g9iu-Ujm43M56jy7CeDT_YEDiy9Jk-adBleNLB-uSU2MFRByd5PYlIQYrVD6J5Ae5IdUTg13zNiR7I6izp9UshjObZ7QbSUM-uGX0Gox5ibs8uopaeN3bEPC5CMtHnZO5dQGUYjkZeTsJ4LTSg2Aj4Q2MvkPiHDH92ora6GcxBkh--Lhwcyu2sV7-kpUIfrz4KqNDq_p_LApziPvZ4CGiIsKc-9X05on2qX33YqliRhTHJxmZBqBOtxgaM9jgyW9Uia62_PDP6nMaCET8cE-mz0s6QPFGUI3GG7p5Ia1RlTMEKbtmfzthyS1MRAl1wrdvvNHFThRP3&key=AIzaSyDBeBhQkLxb3tKDr7QqOhWdZr9nbFBWCIA"",""https://maps.googleapis.com/maps/api/place/photo?maxwidth=800&photo_reference=AU_ZVEHQeWYfSU1YX9IgN8UKiqEY6rucVSYzQbsqdibQA5qCHLGPQU1bodXPZ8zFQfb__UkHC3i2jxy8PV8Rb_SSsa9zGSL6ovxnbCBgQRV5W1cPyqTr2FDbf-Kk3mxqGjgDfZLOpbERiY0xeySpm7qF-HugEkEL5DqjmRNWcAqrk5ptcIBRw_AzdNCUCOGcP5U4BgwOq-DzUo7IxXIckkTks9O7KmDpQ584pkkADzMX65NWU-nI4M10d4kIiYdZ8Av6gHPVx8EAZHvcrVFQDgHGbspwGenPAMUoUUihFjgVy9sGiI0oN3-PBK6Tt0CBo1Qcg8W7MrimGgIy724xqw5M45St0S93NSt3SQWZw-_m-rWrqGgcEeuapyzcGhdIggi0rEnLZR6xbfJnA13mY8jhHnCywT7t6Y8Y-I7uk6uYphYDn1H2XxzG-d8mix7vAgsI&key=AIzaSyDBeBhQkLxb3tKDr7QqOhWdZr9nbFBWCIA""]","[{""author"":""nicholas wiggins"",""rating"":5,""text"":""I'm really pleased with the plumbing work done for me. It was simple to get in touch and set up an appointment, and the pricing was clear and honest from the start. Other plumbers I called wouldn’t te""},{""author"":""ellen escobar"",""rating"":5,""text"":""We chose this plumbing company in Provo because of their great reviews and high ratings. When the plumber, Brady, arrived at our home, he quickly figured out that we needed a leak detection specialist""},{""author"":""Lori Hodges"",""rating"":5,""text"":""Esparza Brothers Plumbing Co. was fantastic from beginning to end! We needed a new tankless water heater installed after our old tank stopped working right before a vacation. They gave us a fair estim""}]","[""Monday: Open 24 hours"",""Tuesday: Open 24 hours"",""Wednesday: Open 24 hours"",""Thursday: Open 24 hours"",""Friday: Open 24 hours"",""Saturday: Open 24 hours"",""Sunday: Open 24 hours""]",,,,,,email_skip
Zane's Handyman Services,"774 N Quincy Ave, Ogden, UT 84404, USA",(385) 423-5352,general contractor,ChIJJ6U9V7MNU4cRKtdXWeTkX1Q,5,10,"[""https://maps.googleapis.com/maps/api/place/photo?maxwidth=800&photo_reference=AU_ZVEF1e4NVBU7J8zcRw6T0Ke-xoncIrsjnNo67cK0y5yEIOeqXlH5TZ6wOoh2Be2muEtjppFfnx1ikuDyNiWcsSuApv6gP7JD0pymN92pc9n4qvysHig6SJZNvA0-WQ-ZZBLP09WYUAz37mc1lZAE_wbD1COeyqha8XYRILaiC80sEq92D1UK178_nnVuZcjEqyO8JNwmjljIY6PWYbINijN_fxj7koJxvJMoNd1zii4htOtsMDsOWGETuCWAr6pfqLRDCJ3DuTwQhE574ur2Ig7oPjxGNSJww7-opIjxCpVIEMbHlBqjdHlUCtjRk2lwIdU_Z4TZRVJuPL7tOGpij9vKegZL8-ejPiy6OUp6tv3NCezv2F_b0u7ksgZy8GmnSnBIGWbS8IY8IZmNaGI_tS9iYB81D6ju_AeDSqPMCcpGx4-5w&key=AIzaSyDBeBhQkLxb3tKDr7QqOhWdZr9nbFBWCIA"",""https://maps.googleapis.com/maps/api/place/photo?maxwidth=800&photo_reference=AU_ZVEFH7AlZPs96Sa1P-hnYtGIkxToGIC4HlZr1FDRC1ekMCjrWfIDRcsdNYYFl20oktT6geU-VxWuxBcv115xcFnbxq3PLAejv1PqY2FuBMxoOvL7C9taQJNv4GPwqk048fGEwJU843II_MzbMCN622Bmt6toseydS8E8ccNteicLXcXrpJTm5pM5AKGe1AoyFgpHlf2s1Cw6r6bkKNH5KVKZrCtsOUaZMgmfpBbW167TK45mQjoLTQnkm_UCMsQfTFmDghqYZ5yGFWNuh23m1ZDT8HbjJSs8UYl5plGYlQVh-aLNTGS85mlgLm1zs_4PcKie_BCgiBhseNbqZgCva1xXd0Mzf6dol7l-y1ScxfQvustLhvnQwI-1Mrq2RiNgniEKppvAZ0Ouq64O5NeMQ04v4bx8k_s422vAU2kMKDoMR0g&key=AIzaSyDBeBhQkLxb3tKDr7QqOhWdZr9nbFBWCIA"",""https://maps.googleapis.com/maps/api/place/photo?maxwidth=800&photo_reference=AU_ZVEGyWG-tya8n_c9dORsCAX33KZUYQWxw5nkcfdtK-mDWCVRMdBeF7tCBNmhJ4y7CW8DF4-55B0bxrceVxqgqT9ZzNLroDZMOkm9BYS07UxQxyYU92A46vHxJN2ngl79Wx-V6vRO4PuTbGPuABiMMA3kKTokKPbXEcYQlZ-yzveepWCJz-azGn4dYelEW4rg-Qy7vTYMEuIXsKRruH3TonZw7O8BuUPa4oQxCKVKzwaJEzBOSyhy1wahLArMuDhV70lKYj4MLfG_6Wu1nIyJkr0yDKFhxf0xFXmYHEuDbBZ-cypquaEdyxo4VPUJCce-IbfePNu2hogOzZ-tguozEVWemPBvq-aC5vnduE3MAtCdjjlniiWOoU5YI1KseuC-QdoG-QGdeSzDwCEZ4azGQnz_m-eD1FIA1vNX_gZhwQ7I&key=AIzaSyDBeBhQkLxb3tKDr7QqOhWdZr9nbFBWCIA""]","[{""author"":""Gerald Rosenquist"",""rating"":5,""text"":""Zane and Alice are very easy to work with . Zane's workmanship is topnotch. Quality is awesome. They took on my RV remodel project with ease and professionalism.  HIGHLY recommended""},{""author"":""Deb Tokarewich"",""rating"":5,""text"":""A huge shoutout for Zane, who just finished a first-time project for us, but it won't be the last!\n\nWe recently had 6 skylights removed and roofed over and needed the resulting interior voids filled i""},{""author"":""Blake Campbell"",""rating"":5,""text"":""Zane is awesome for anything construction and remodel. Fast and affordable. Highly recommended.\n\nWe knocked out over a dozen MAJOR projects and many dozens of minor projects we had on our to-do list. ""}]","[""Monday: 9:00 AM – 6:00 PM"",""Tuesday: 9:00 AM – 6:00 PM"",""Wednesday: 9:00 AM – 6:00 PM"",""Thursday: 9:00 AM – 6:00 PM"",""Friday: 9:00 AM – 6:00 PM"",""Saturday: 9:00 AM – 12:00 PM"",""Sunday: Closed""]",,,,,,email_skip
Xpress handyman services llc.,"450 N 500 E, Brigham City, UT 84302, USA",(435) 230-5124,general contractor,ChIJ-dUAnh57U4cRt_43G4wbrXw,5,30,"[""https://maps.googleapis.com/maps/api/place/photo?maxwidth=800&photo_reference=AU_ZVEG8R4aSBd5FFBHEHWHGSGyaE20W3ieTzXInzTBWvRXPTLAFJyq0P9-LeOUqcaCEoBvslGDsNhYNd7fcuQosjq-tnwdNeRemw77EXmz7b6QqO4oC4GcjhVFborpgLGFJyfLXWmd17gCLOXtAA2vyhOqtmCfQzpUkILCGxkWLVwjwTyZ3GHw14nAME_wtMinr-sDsvG55ZlvNsSgm9OaucPWyuhUgpBTw-vJ5qOIhUeE8stcd1TsiinnOex4PGM9buYEdBgMSg8qei4-BJ2NdE8TvypHFhPEwXaZALhPn3A8-uw&key=AIzaSyDBeBhQkLxb3tKDr7QqOhWdZr9nbFBWCIA"",""https://maps.googleapis.com/maps/api/place/photo?maxwidth=800&photo_reference=AU_ZVEFzRnm-Oglpms7bnsl41Sn4gb2a1YLsi7u581EQ1Fhp1vdWjofqDp0HxwUwOBPkzlpjJ2gjN2z0HxJtyNOKj0FuQPJD1pbgRwW_v0b8KStWDVU-BKerOr7VUZoD25vxNKuL22SLlI58HmdjIjAnXnhnrhrEP6Nyxh61WiPq6V881xnpHl3FLtHuhI4kONQa2JD_SmDW431KPKJiSyHEyYphGdZUf2QM1q4G4XSV-XIecXKInnTE_3nbglU0ZMzMLHLxS2gY_Fojpl-bpeHzqgC6f2aNpolM2PlQtU8OR-73ow&key=AIzaSyDBeBhQkLxb3tKDr7QqOhWdZr9nbFBWCIA"",""https://maps.googleapis.com/maps/api/place/photo?maxwidth=800&photo_reference=AU_ZVEEKVSeSFFXQT5LPtEg4oC0FulAJBxq4M5V5TapzDS1eYtM4BYNgKKlPYFBup5anoQ5qxjeJDh-m0IXlqJB-WOtkt8VclOCLtHWPtxPXleewYvUYqmdFGSRlY75SJ2eCly9O7yTZALg9S3AYnjmJirr4z2lTjh_zivSUKoMDBOL6ZGSlQowUBBIN7Mov005Ee6aYI1UNhnvGU5Ej4QHanCfFgwuxPqTs3qV1GYr-fCjZw-WL10YiS9k2vTxA5gkt9v9vK_Jcm_1R-iI9BM2RbTr-iuVJgB3QEHGAPqXb1a3eyA&key=AIzaSyDBeBhQkLxb3tKDr7QqOhWdZr9nbFBWCIA""]","[{""author"":""Tamara AGEE"",""rating"":5,""text"":""Id definitely refer Xpress handyman he was amazing with getting the jobs done an fast main thing it looked perfect when it was finished thank you""},{""author"":""Shawn Jeppesen"",""rating"":5,""text"":""Amazing work and attitude makes sure and goes out of his way to insure the customer is happy and satisfied AA++ fully recommended""},{""author"":""Derrick Bowser"",""rating"":5,""text"":""We had Mark help us with a bathroom remodel. He helped build a shelf for our shower, takeout a pocket door, replace and vent a ceiling fan, replace sub floor, put down cement floor, drywall, install a""}]","[""Monday: 7:00 AM – 9:00 PM"",""Tuesday: 7:00 AM – 9:00 PM"",""Wednesday: 7:00 AM – 9:00 PM"",""Thursday: 7:00 AM – 9:00 PM"",""Friday: 7:00 AM – 9:00 PM"",""Saturday: 9:00 AM – 9:00 PM"",""Sunday: 9:00 AM – 5:00 PM""]",,,,,,email_skip
Jim's Handyman Home Improvement Service,"3115 Lion Ln, Holladay, UT 84121, USA",(801) 347-6263,general contractor,ChIJyRPGP4phUocRFEdQY8iLpGI,5,124,"[""https://maps.googleapis.com/maps/api/place/photo?maxwidth=800&photo_reference=AU_ZVEFn49gCydCBP5jXIvKemrn7jRm4a4AN__N3z5CM4C3TQaH6y32hac9khTnAgrDU-9CZIYA7aHgggpg99H8y7dSTGgrjbN1zAsCU35P4V8hoSltxP1NGcdD1GpFoA1mCeycuO8JLdXt9s4Ia_mahxjdmlLJFgrv7U9fOKxM0xqmUyjL-Q_LwfYA9J_UPhLUFDCJqP6rEFO8m7KsTlEuB636aHYQnwDlfOdundKZl_74Si_yyWLDoF23y6TscQZq2wcmcuyTlpRWrwMkPcuUz8_zGR7oQQF3CMn2irD0QOIDV6VmkLf3hYcKyKRl0Ttpfi4JWxkTbixv2O0XNxcsGzo290uMhtbLON1Zha-DbCDN-Qb08N7TcWnojMF-uHMQpZAFPCogAbGoo_6gxd6d-BFl0k79mZMwsBH17TcTbg3kMHgd8&key=AIzaSyDBeBhQkLxb3tKDr7QqOhWdZr9nbFBWCIA"",""https://maps.googleapis.com/maps/api/place/photo?maxwidth=800&photo_reference=AU_ZVEHnsYJbKEV19jIPZPRaTowsj80EN6CdpHDF_KkDeWRTY3oNOSL0BHa6KRVMtI7nlLhdF-XrkbOYVbff3bQNJUV6OqJR2JUNeb8z_5LQbPMX4gAo4FzwxVgf5H3jMVRwqquWfo3jR3DXbMkGI4IqhiJ-Br40CG_-h0qOKmf0JuLGM25vgBQTlgemo1GA7rYWS1qSyQ60uXI3ug8qcMLRP_mCwm2Yv42NrbX27RBmFOvpT6QuMe59SVgrwNIw1CXgI860tiUScI29RaPiMQcwTOKKTKHUUyCLI4-ERJ3ojFH5ATL1XGtvU3Metg9t4jdpX_kMQm6Q2W9YOabVX_yagm6NjSxl340S3vCsrbBG21v4FMMJRLza85agCPRAZNgE6tflKPp6Rff6UIzRXl01I4ffm1wZDQoaqNpGxP5KhqxEKg&key=AIzaSyDBeBhQkLxb3tKDr7QqOhWdZr9nbFBWCIA"",""https://maps.googleapis.com/maps/api/place/photo?maxwidth=800&photo_reference=AU_ZVEEAm2aQFWDLeQ4OAk4MhYD6c8YY4oJiyXJF6h--wKYn79D_xMbhS2C6OB54ZAJKPhDzFMNwqR3jPb742IrixfoCJ2vlvSBeKIpXb-_uauZpLQ4ndrrkUVYSG_hj8ZG8Zuc9m5Ro0Oazay8k_QXZ5kRyUEM8P85ar-DSPP5ciKnmqemUxlTdP90IoUcpCvmIWovwYpc0xUK-UFPBXu8BuLrevnbmXJP9lkk4tcWDVqXtigi3YYK7V7R2adtSYLrXnoLMn9KhfeBfX4BsNpByN1AGJls_gE8XMztUJ29Yy9_QyuZwJTiYI3fIxN0vHq4kCgzYQL8RjuNCpxQecERFEKoW0tNtO35D-p4owDlfltnMGEXxCwXBiq9FjH0jig6as9m2I1NiceemM7DJQJvQATj_FB0tddNQsSILG_rkJSjkKBGr&key=AIzaSyDBeBhQkLxb3tKDr7QqOhWdZr9nbFBWCIA""]","[{""author"":""Amy Krug"",""rating"":5,""text"":""There are several things i like about Jim. I like paying him by the hour. Even though he's honest, there are many who are not. So, you pay him after he does the work each day he is there. He can't mak""},{""author"":""Marty Jopling"",""rating"":5,""text"":""Jim did a great job for us. We had a variety  of small jobs (patching, painting, caulking, and repairing deck damage) and Jim seem quite competent in handling them all. We appreciated him sharing his ""},{""author"":""Kevin Nagle"",""rating"":5,""text"":""Jim was able to come out the same day to hang two ceiling fans in my loft.  His attention to detail is impressive!  He made sure the electrical boxes were right for my fans and took the time to ensure""}]","[""Monday: 8:00 AM – 10:00 PM"",""Tuesday: 8:00 AM – 10:00 PM"",""Wednesday: 8:00 AM – 10:00 PM"",""Thursday: 8:00 AM – 10:00 PM"",""Friday: 8:00 AM – 10:00 PM"",""Saturday: 8:00 AM – 10:00 PM"",""Sunday: Closed""]",,,,,,email_skip
Ogden Handyman,"2364 Quincy Ave unit 12, Ogden, UT 84401, USA",(385) 244-4558,"general contractor, painter",ChIJz1G5sdUOU4cRAiWVQ7kt2cE,3.3,3,"[""https://maps.googleapis.com/maps/api/place/photo?maxwidth=800&photo_reference=AU_ZVEGhey_9FxNDmxFgMVPvmIvQ7-mTeaFMQhtC16bX_3p1dkcCmAMMh1CIQvGJPrI7hBofIb-RKNkd6XgCLCVuUoY9wEd2XLE4mM7AY4IvuDehLFtVI3l28yF3uqd7z8ze3cKZbUun9ATXT95yUGqR5uDOZC1cE6lFusc6VNhmsF9-NaiG9u9EN-UPQ86hsi-UGMDlF0H1xlg-cOescIvL5VyYWrUOBxGbeyJSttYZTuzr6f07k9fSV9Jpr08Ncx7HNylNFtLHFkX74twVRvb3ZvUAufGW5A0gtzDI04BlJJCM-Q&key=AIzaSyDBeBhQkLxb3tKDr7QqOhWdZr9nbFBWCIA"",""https://maps.googleapis.com/maps/api/place/photo?maxwidth=800&photo_reference=AU_ZVEE8b_RE0Vv2rTGAmTGQNjIyB8OlExoJd_aBAgkoPeytmIlqNX3UI8er-Cc3Hi65Q2X-Jkei_LvVK6TOQq-0zf6W8lmNCXKKg9iGUTSyyxf4kexqZ1hDjUEwxh4IPmHzGJT_1VZNXAA6O3ed0o1U-IwarWoP6Td3tgqs0Z_dOAzE7UVLXGu52KlF3Nq78HBDKeZvxA5qktcwl0Zu_HAkbgp3NbutPfINRUvVLBaVUgAi8_TdgS9HBVrSzrFfmZ_J6aQENLdO1B3Ko8qivKmfD5Ov3AFLlRCsm7xErJbodsQgRw&key=AIzaSyDBeBhQkLxb3tKDr7QqOhWdZr9nbFBWCIA"",""https://maps.googleapis.com/maps/api/place/photo?maxwidth=800&photo_reference=AU_ZVEG472wurRs1Q1QdLrN7vwkj35d1G24B2WNhs0tnNDKXMgnEQ-QZk2PI2eXbAgUaX8CMZRAIXlB5FtBWIplWriU1qcVR12vrPSHs-WzAE2Ahzi0NPZI-WmltHNrXgo2J0uYv7677eYJxg6zbYfbpDI-QKsaDMdQk-4JKp5x6Oh-1Y6Etg_4MWr7g-wYoxVLW-3_0lRjnPXqe3tQyVqMvB21Ooc4Aducqj6K15fESTAvlWJFbfMocDM5kVEKsl_1gPS13r1E5Wjg556SMGilWmosv6guQpAVnwsGIstGJIdXxWQ&key=AIzaSyDBeBhQkLxb3tKDr7QqOhWdZr9nbFBWCIA""]","[{""author"":""Zach C"",""rating"":5,""text"":""We've got a place up in Ogden that we rent out. It's not always fun when you need home repair when you live so far away, but these guys were great! We feel like we can trust them to take care of our i""},{""author"":""Kay Anderson"",""rating"":1,""text"":""A no show- he came out to look at the job and promised to email a bid. Bid never came and he never responded to texts. Why waste my time? If you didn’t want to do the job just say so.""},{""author"":""Rebecca Bristol"",""rating"":4,""text"":""""}]","[""Monday: 8:00 AM – 6:00 PM"",""Tuesday: 8:00 AM – 6:00 PM"",""Wednesday: 8:00 AM – 6:00 PM"",""Thursday: 8:00 AM – 6:00 PM"",""Friday: 8:00 AM – 6:00 PM"",""Saturday: 8:00 AM – 2:00 PM"",""Sunday: Closed""]",,,,,,email_skip
Donewritefencing,"437 W 2400 S St, Clearfield, UT 84015, USA",(801) 815-3785,general contractor,ChIJs_sMImIDU4cRmbx_zAvj7ts,4.9,64,"[""https://maps.googleapis.com/maps/api/place/photo?maxwidth=800&photo_reference=AU_ZVEFPpo9ZeUwLHktSuXEbOfhygO4IqnwaRn9Or15HDu_EGe3kssDKYN8gRhsJiM5JvaLrF9ooVcIDxYuGNoCh_rVHhGooPaQDB1C4Xh4Xg4K9W2z3kcj0RJ2iW2kA14fCr7POhNm_9J1xm9QK-MfZfGR6KTYvktNARXdQiGB2DaT64W8sNYXeGc2UPhCr-WI6wlv1earJgBADZDPqwF_iDh4YiLAztDxDHkhB4Szz0svVGuOKO4LgzDvalm4N86Zg7dOqEpThrxvW_cUoqbYwpD4Bjht26Y18bCX_hVNrJIvrsg&key=AIzaSyDBeBhQkLxb3tKDr7QqOhWdZr9nbFBWCIA"",""https://maps.googleapis.com/maps/api/place/photo?maxwidth=800&photo_reference=AU_ZVEE451pJpM9rdR2E4sYw5G4ADGuzWa2tpxYKfyuJ5E3msu7rOSVYQJ6B0XhQH1YdPdCTaykW6oZ5LtwZ_vobEz2H3W4mGpx5x5VPv9v01MQ-lDjgappLqkJlTayeHNTIrwKkQKodEgdzOGVxDynxW9YU1Df4GOCt-O0P4AGDELvcIAJqOoBv3CDJ7VklvbYdu43P-tPOvbSsT5bmIIDbD6aZO9gGHyg-XEAZs6-0_yUFm815uc2PjBz77ARh_hREHtPGj7Zy8xDn9zuh9C8Np8RxjX7Ai810aAkGI38ooclyCYj2YqodWgKaf30C-R2Q6aezIfR2xJLzqMupbJLhsR8yUmu-buvSwk3NqMoL7Rr7vX5PwePaW4LlXl8aGFjn7Isf3HJVNPazx-SgCgAnOewNVU_HtIMTV-qegtuh5lLb3qnkxcMB3ZlDcL1yObdS&key=AIzaSyDBeBhQkLxb3tKDr7QqOhWdZr9nbFBWCIA"",""https://maps.googleapis.com/maps/api/place/photo?maxwidth=800&photo_reference=AU_ZVEGNW2XDIx6NBOTSNGhuJOL5-5WPR1o9-gAHGE_wpiCjlM2Tr3gp-dOHg0VCpi7hw0PYlD8-9ngi2RVQXrPn36iNcTUixom43o7NTHgKm0HqaLYwA7S412VAkSv0XhGPo10Ibq9VNeYH9IeSEO-cetmamk7UcvNzPUymV0YhZMZizw8YnDe1kga9lI43h0fZrtaADoPPfHi8B9yhAkDiddv0lSe8OnY6C-cTo1jKJ6yUmFcvwN9J7wYrrAelzgjYjw46Dq1RXhJJH5hN5drFdnPDvxDfb4u-rICkJxqdVnSlbQ&key=AIzaSyDBeBhQkLxb3tKDr7QqOhWdZr9nbFBWCIA""]","[{""author"":""Kaydee Thurgood"",""rating"":5,""text"":""Great family company. They gave the cheapest price for the work I wanted done (received a few estimates). The communication was clear and they were timely. We loved how the fence/ double wide gate tur""},{""author"":""Austin C. Smith"",""rating"":5,""text"":""I reached out to 3 fencing companies, Done Write’s quote came in significantly lower than the others. They also didn’t try to up-charge me for a bigger gate (5ft). David was very professional as he co""},{""author"":""Mike Flick"",""rating"":5,""text"":""I highly recommend Done Write Fencing.\nDavid and his two sons came out and tore out my old fence in the back of our horse property and installed a beautiful wood rail fence. They did it all in one day""}]","[""Monday: 9:00 AM – 5:00 PM"",""Tuesday: 9:00 AM – 5:00 PM"",""Wednesday: 9:00 AM – 5:00 PM"",""Thursday: 9:00 AM – 5:00 PM"",""Friday: 9:00 AM – 5:00 PM"",""Saturday: 9:00 AM – 12:30 PM"",""Sunday: Closed""]",,,,,,email_skip
Get 'R' Done Pressure Washing,"4820 W Albion Dr, Boise, ID 83705, USA",(208) 869-1460,pressure washing,ChIJ8Ueizc1XrlQRH684OmV3h9g,5,1,,"[{""author"":""Jason sappenfield"",""rating"":5,""text"":""Great service, very thorough, takes pride and just a really nice guy.  I've use their services a few tim s over the past years and they have always been great""}]",,,,,,,email_skip
EP Auto Repair,"820 400 N, Orem, UT 84057, USA",(801) 221-9477,car repair,ChIJ4a4UDdWETYcREIykEFhW25o,4.9,953,"[""https://maps.googleapis.com/maps/api/place/photo?maxwidth=800&photo_reference=AU_ZVEG9g1aTQSUfGKcsq9JtNLpRI16nYmE1mUi5Ur5Rra8AnyjHbi7xxkAQf-LcAAt5U_thovQo0e1w5Ad4bwUXPElZ_cEMkAdVjIDAgFWIxpQPY01X80YPLY0P4CDUlu4YTCvBwBwbCSPzirN7oYIIwWOIMltA5CLTDODxZQNcVeP32Z7nwuLmQrAvMGul9AILXxtFRHxRqTeTDx7Hnomd0aTb0CmLiJy1v6qvw8jJVDzBW9LIPxr-GeCpPtzXA23Hrt39XP3c-lY_-mMRSqnWpftPt2XrVtGpR6ZrWm16edmzKA&key=AIzaSyDBeBhQkLxb3tKDr7QqOhWdZr9nbFBWCIA"",""https://maps.googleapis.com/maps/api/place/photo?maxwidth=800&photo_reference=AU_ZVEFctXVm9p7wb1ZznZS2-SncQtvmZDLhEjWkV5Ycc5L1ddIfYK_v9PHmbIiEgkz77Y7F8JAxvZmsPt1BwQqZPLptY_7AP9mOo7EwlxcFaj97U07waGz3iUH861k3-AmjSxJ41CY_wNvfFhM2SKs0KVj-m_W34f3sxHfMBGTMPGyPCYWvpFVdKfANZYy2fIEy0whANmtNDlAqpxY1B9BQ2yuVVxJYRyjLgxgiJKykReOWWHOSyS2t150cV3FRJ9ShRoT6-jQVtnr8-5S9xeepNOR_LLdXuVMbtJl5UJHEvCsvz6-UNFtkZGnNsSKpRrwkriFTfc3xlBPZBwtShlUg58MyK1SrvxDg2QGrVqkVB-GfwGaZ28nqUcZ1f0mQ5Uc2A-bZsGVq9AMXdkEkR3LRIZRbFTNdcgbxW08psqmSSOtXWXJSMR8F44xPGAJj9DG3&key=AIzaSyDBeBhQkLxb3tKDr7QqOhWdZr9nbFBWCIA"",""https://maps.googleapis.com/maps/api/place/photo?maxwidth=800&photo_reference=AU_ZVEH8QQSU0Am5Qf62Nba6Wm8Y5QhBThUbYNU-YIi1M8wd2OnjE_1yrVZQO3Hoj-YGMNqNOcFa1jdPTwa4VD5aopsgdHTQZKZNHRIRreMOjjevkvHnojZjt36pBziX7o-VSGV5f2PC7TVreLW5jfYbwa_HozaPoY3RVPpz6fvu47oB7zTW9h3wbaED5MOpOPL4aPA1O2zljRKEgKwhlFPFRQZBCWKRTtb0O6oMke6R6kMXGMFen7iLYjzhYjU165gGHJWGNfmxjD9k7LAau7v9uCqOGCIdtKlOLZwVKYS6bjJRuFOpr8t4fbTgTGJ9vStS2J9v9_v_Vq5-_ByzhgDA4dsgb8HCHccsJKZDPouLS-i76ILGX_ZbKeEAqbWIOJWNzJc1r2BqsgQuRORYyYoCfoOQl5Z9KK-gVecXVgZr7Yx_Zr0&key=AIzaSyDBeBhQkLxb3tKDr7QqOhWdZr9nbFBWCIA""]","[{""author"":""Rand Casper"",""rating"":5,""text"":""Eric and his team of professionals are top notch! These guys at EP Auto take pride in treating their customers like family as well as taking their work very serious. We live in Sandy but travel all th""},{""author"":""Rick Bassir"",""rating"":5,""text"":""Thank you guys for all your hard work that you guys put in fixing my Toyota tundra!  Appreciate the professionalism at this mechanic shop!  They always get the job done in a timely efficient manner! A""},{""author"":""Ohana Chiropractic & Wellness"",""rating"":5,""text"":""These guys are great!  Been using their services for over 20 years now.  They always do a great job, for the right price, and they are very honest about what works needs to be done.  Will always use t""}]","[""Monday: 8:00 AM – 6:00 PM"",""Tuesday: 8:00 AM – 6:00 PM"",""Wednesday: 8:00 AM – 6:00 PM"",""Thursday: 8:00 AM – 6:00 PM"",""Friday: 8:00 AM – 6:00 PM"",""Saturday: Closed"",""Sunday: Closed""]",http://www.epautorepair.com/,,,,,email_skip
McFarland Automotive,"1533 S State St, Orem, UT 84097, USA",(385) 582-0813,car repair,ChIJ1fr5FGKaTYcR7VGpwM5P4lI,4.9,296,"[""https://maps.googleapis.com/maps/api/place/photo?maxwidth=800&photo_reference=AU_ZVEHyFmsPaWvASj6tZmzS9mNlDWletdos3TBil7cO4o2HMYWEKbstCt-srlYBrj_yYzTyrEwGCgOtfXeULVVuPHJnY3jLOIc7KhXQ6mp2UEMa6FmfstZm-i_gidXlncqOTVxI3_RULvE1aRqHzvuJcLqbHVrQ9XkgCrVmkJTfg39O5VwepA2QLrKIlnkMymGU5c_mPYnpMUOeVTNAc1NmMcLTNI3sD4J9Ax91UHUPohwDYcLxv8cFVeApE2FUh-mAZUPIgERwwJOymp8B31uGjL1NUacgfZIS-BKEqdr5147HeQ&key=AIzaSyDBeBhQkLxb3tKDr7QqOhWdZr9nbFBWCIA"",""https://maps.googleapis.com/maps/api/place/photo?maxwidth=800&photo_reference=AU_ZVEE_nBwyhv1H4YVkdCiLb8c52wzxlzj2ml_w0ROmSIHRm30LBUqvZyWMF9j-2T5BCvBX0AumneqHotTM9_r0SCy60jLAfrRpXq82MegPngq7UFdYFWEoScStyIJyzOlEIjJiN_jR8ALElv9e8D4vIo4dMs0DxSh14760V-tPXkvHzUZa3k184nlD-lZnvSe68upjxbaBqT23_o4N1lWRviGH20UhBWETLCiLP_NOGWY8eND0IiMytKxwdTu1lI4gZrOjDIW0Xgz0tf6UjGXAqcTcdxIoFZwXaYja0yLbZjG3sA&key=AIzaSyDBeBhQkLxb3tKDr7QqOhWdZr9nbFBWCIA"",""https://maps.googleapis.com/maps/api/place/photo?maxwidth=800&photo_reference=AU_ZVEHWVqnrdv4FkZc5DHOjrHgJQX8VHoiFc3AkJdm0iOYNIkHmhNrzSdfmWaKdIEM2NHGsWP3_BJ3w_EhRhxOFUwPFmOi8T2zR2HexG7He5g7UsHlDqY3ZsZ5aYVOsZu1OaCmMTfNncWhBylDlX59viqPALr_vBdWsKBtbBV2vo_Zmw1SgevBv0nBcUnEuy0ruMBaf5iHuJLm2tuFA19aROlfv4YxbarVcp7K38IHC1IKUBrdK435pY5kBs3dBLG3v-LGvxH3qYoojUzNDsJl4HZnQ4BAS8rhNfSC0UfmuNvdp-Q&key=AIzaSyDBeBhQkLxb3tKDr7QqOhWdZr9nbFBWCIA""]","[{""author"":""Jeff Wilson"",""rating"":5,""text"":""I have been taking my car toe McFarland and have always found them honest, reasonable, on time and correct on their diagnosis.  I highly recommend them!""},{""author"":""Aaron Medford"",""rating"":5,""text"":""We have been going to McFarlane automotive for a good 30 years. We know Jim, Jess, Dan and Will!  We take all of our cars and for repairs and know that they are honest and do good work.""},{""author"":""Scott E. Morris"",""rating"":5,""text"":""Good mechanics are like finding a good doctor once you find one, stick with them for life. These guys are very knowledgeable and will always let you know if your car is just not worth saving.\nEven the""}]","[""Monday: 8:00 AM – 5:30 PM"",""Tuesday: 8:00 AM – 5:30 PM"",""Wednesday: 8:00 AM – 5:30 PM"",""Thursday: 8:00 AM – 5:30 PM"",""Friday: 8:00 AM – 5:00 PM"",""Saturday: Closed"",""Sunday: Closed""]",https://www.mcfarlandautoutah.com/,sites/mcfarland-automotive.html,pending,info@mcfarlandautoutah.com,https://mcfarland-automotive.netlify.app,complete
Utah Auto Repair Services,"956 Industrial Park Rd, Orem, UT 84057, USA",(801) 589-0010,car repair,ChIJ2wYNg6OaTYcRNlriy2FXrJI,5,226,"[""https://maps.googleapis.com/maps/api/place/photo?maxwidth=800&photo_reference=AU_ZVEH_x7makTDYmdi2uGrNqEEY28hNXS7Yzj1rPvTlGfH8-8DLiP7vIG19JFsm5zp3LeCZRctE7QqEpJuNhVNnI1eL16tZqe2TB_BUDujHQEnsA7GlnQ8LKPhMO3tszzwJ_TY84VXKgBp8wVnuxt3FN5e7BH27E59WzHW1K5eYFvLGTNtw5wFCZcIvVAR1LWgjmLJFbsK4SzYgPG-HVziDXzRRb_cJXcG5VOpAFchzSKARGMhVrzbVWeAyZnEqKPC2UlaVWpgGUcyP8UEn6F5tTH8MqyhwbgZt3yJ5JYvUMWkzpQ&key=AIzaSyDBeBhQkLxb3tKDr7QqOhWdZr9nbFBWCIA"",""https://maps.googleapis.com/maps/api/place/photo?maxwidth=800&photo_reference=AU_ZVEGlrYbT99VmWxhd07b9Op1tb03cKkwvj_9aegkUyedzo2XBMQ1uDQw2-9ogvJaMbhleGr4tvB-IF31sngKzP3BuPWRTPqzLihvnENgRm_O438gsiIORc4u6PMyniZql3HkcXeeHeDI4AuZqC0wGK-oMQ3-qdyflZghOFQ1tk3oMm45_cxKkGZp0qio48DwxbevjhOL1mmrRKckUV4hoQEbTiEf9FatPglOpV77A60cTV2X1lMhL_qabCNgZY0HPtNa-tM-k74-gbx8BpZj3mW4Vf5-8Gdfo_e3Vl0vhvbSWSw&key=AIzaSyDBeBhQkLxb3tKDr7QqOhWdZr9nbFBWCIA"",""https://maps.googleapis.com/maps/api/place/photo?maxwidth=800&photo_reference=AU_ZVEHkwu6oDvo6BZ4L9BEbP2gAFEyYF-zwn-wiaHGMMFxzuxPETlcLsPgqFv1zUS8pDhmNLrUvKDkQpGm8Y0zAO3t8uh2ZgEewsltr4VhU9UN1ET85GsUUZwy0Kcmk3DCDFXQDuWuTaRfQzn7W75Vtdkxkk7-22T_ZX2smSkqOr0nntjK4n3Fi1mOUdUb1NEZNsN1c6z5gcxwfNtaP92YSlatcMrlWMbkb9VyCt_xic9Yxh7rovrvCLXbjF6Uv_ID4uqv2nhLss9SfDV5kEI0to1HW2PhsI27wR3HLu92DJua3RA&key=AIzaSyDBeBhQkLxb3tKDr7QqOhWdZr9nbFBWCIA""]","[{""author"":""Connor Heaton"",""rating"":5,""text"":""Got a bunch of work done on my car at Utah auto repair services recently. Dre called me a few times though out the process to let me know what was going on and what he was thinking. Rate at the end se""},{""author"":""ONYX Depot LLC"",""rating"":5,""text"":""Dre did great work fixing my brakes on my 2023 Corvette C8! He figured out the issue that two other shops couldn’t find. Also fixed my AC, air blows ice cold! I bring all my cars to him. He has also f""},{""author"":""Gabriel Spencer"",""rating"":5,""text"":""Honest and transparent, two qualities you hope to find in a mechanic, and that’s exactly how I would describe Utah Auto Repair Services. Prices were reasonable and they had no problem showing and expl""}]","[""Monday: 9:00 AM – 6:00 PM"",""Tuesday: 9:00 AM – 6:00 PM"",""Wednesday: 9:00 AM – 6:00 PM"",""Thursday: 9:00 AM – 6:00 PM"",""Friday: 9:00 AM – 6:00 PM"",""Saturday: 10:00 AM – 3:00 PM"",""Sunday: Closed""]",http://utahautorepairservices.com/,,,,,email_skip
"Ed's Automotive Repair, Inc.","1599 W Center St, Orem, UT 84057, USA",(801) 226-3400,car repair,ChIJF_oVYTSbTYcRatxd6PBqvzU,4.9,205,"[""https://maps.googleapis.com/maps/api/place/photo?maxwidth=800&photo_reference=AU_ZVEGNBA493KoBelzFKeDnFgfFKslrotI3C5yybfnYYzQ9HseaUaT-Ds3p-KvIvLw44fPc5BeplzGPysVO0ts5xxsljGsaJ_0sxZyJIQJnGHjXG_4pu2gtiC8XEnYTQj36JtU3FctPb1r5HNodukrphoUZ7cdMdaxY1_0otn6vlhFvfW1YpK1dd-jzSVdE6cjgCR-ktlosNvyu24bBwJsOcGNgs8nLx21Izp_cz2IwVnBdbEawPLq2opSIBmmSPg2javsbT3KzIlglbugXvA_Viwy4wk_VknE_vlwECIW-8YFmXw&key=AIzaSyDBeBhQkLxb3tKDr7QqOhWdZr9nbFBWCIA"",""https://maps.googleapis.com/maps/api/place/photo?maxwidth=800&photo_reference=AU_ZVEGAPQ6l_yTo7VB3ljqFhQLx7gbJ-Qcwl2pGq0yB0yMW4xJu2wTk-llOe05ISXpPVtgRBd5VGiRAIRhNPi-pdi37ZXkg_P_mxkXmUu9WbTO9p9E2uiLCzYzcTDlhdAW_Gy2njTEiwonAkrUuPve_JFYUFH4i05JkgB6Ajy4bOUkx46vdqnYLWLGwdD_6rUUcA8MGZZLv7ejmQfIymZCzqY-E9JWoRbg_ieIIVbyhr4RV7jlmPTTu_Xgc9PRHbUX00jHlyYmKzFkphg8ycPMdsaaQve1v5UKPKhwuPIPi-HfGOg&key=AIzaSyDBeBhQkLxb3tKDr7QqOhWdZr9nbFBWCIA"",""https://maps.googleapis.com/maps/api/place/photo?maxwidth=800&photo_reference=AU_ZVEEphJwCtZmjYwzSGw7nrdns_tepLklLUJfBeOchsKWd_ueKQmLRf0LnH6ZeIr6IDpC2EjxhTGKqXhjFFsmsY8WMSLb4R0ELUvIIa0btMjERmim69kG5GUsB7uL-wa64JMtGjZ6LXmZf1eaOWJROeX7JECaLYhzrh3HrQdnJy4KRCA52hkx693BTU1UxiUs0E-l39BMUiXDQTpLWbLMxAK4zhv6m9yiNuSRPVHyegpr_thpMFyTcH-4oxWg1GWk7a1PPwr38WkXVYKQNlx49sUDHp82dOs1uFzskXYOzecw32g&key=AIzaSyDBeBhQkLxb3tKDr7QqOhWdZr9nbFBWCIA""]","[{""author"":""Kurt Metzger"",""rating"":5,""text"":""My son highly recommended Ed's Automotive Repair in Orem, and Ed's didn't disappoint!  EXCELLENT service all around, from the first phone call through the repairs and pickup, not to mention the very f""},{""author"":""Jared Blanchard"",""rating"":5,""text"":""Been going to Ed's for over 15 years and have never once had an issue, problem or anything other than the absolute best experience ever.  Love Ed, Love Kathy, love the gang there - they are profession""},{""author"":""Ali Holcombe"",""rating"":5,""text"":""I highly recommend Ed’s Auto for their service, expertise, and above all their integrity. I had my car at another auto shop and was quoted a ridiculous amount, so I came to Ed’s for a second opinion. ""}]","[""Monday: 8:00 AM – 5:30 PM"",""Tuesday: 8:00 AM – 5:30 PM"",""Wednesday: 8:00 AM – 5:30 PM"",""Thursday: 8:00 AM – 5:30 PM"",""Friday: 8:00 AM – 5:30 PM"",""Saturday: Closed"",""Sunday: Closed""]",https://edsautomotiveorem.com/,,,,,email_skip
Cleggs Mobile Mechanic,"225 W 900 S, Orem, UT 84058, USA",(801) 602-2022,car repair,ChIJD2caCYjY5IAR_js9_c88gfA,5,115,"[""https://maps.googleapis.com/maps/api/place/photo?maxwidth=800&photo_reference=AU_ZVEH2Jz0B05B4DKjSH2r6BcH03zwHwDDLNpeNLGAXD4AJY0iuXORVwLTdqcwDZv364uiMn9OgJ3_UD3jwgUGQfifywqtYz9cKCOvC4ZcCnFoYGRWBE_HTjhWDwEvlf4TWUgISXnVF9g6PdOYM76NeFCh7bf25_IULHipkne4NyyXgIxMKwV50Pnz86oMyoh24yMEPiJ5u4JJdSBf1vl1tQib4qW5-NixmdFoSglKOyQPOcghehK7Uiw8qquieAARS6GESH6hKvNCP--R80XoINOa_0wcKdSFi1uNE6gw6a9GJNA&key=AIzaSyDBeBhQkLxb3tKDr7QqOhWdZr9nbFBWCIA"",""https://maps.googleapis.com/maps/api/place/photo?maxwidth=800&photo_reference=AU_ZVEEdRiAftiI6N5Xz4fQnhizFopFfrs6hy0DbXdv8ezyGmv7Fpp54RIYTbY-oKCIA3jtf9DKwDRT4uGpXBIkILUKNryjKVWUtVtGMI4r1qro6T1j38e49ovULPeYR1p4VgsqBCZbEFHUkwoqlzlRg1-3NAaTpBq-6vXtHqDVRr53ia2IX4bqmyLLKjdW-Xzk9L7Ugb27LGS-7BQbbQQS09XeVQMGt4A-rqTxB0cr0T2BUCOUdkeEGlKV9Wm2b6VRJssrpiNhxj41T4qhFrpAYTwpfw65brHgwE2ViQXKEvxHCaLal7-pFQkal3aHArKUc-Daw3ZJawrAWICqB2_B0AOumFZidLNAVQmVt4z3jOuYGpLhXa3EOnXXgiLLwMYMJmOU9PKR1A6IXzZo9UanDiEsffD1dYnEsb4dwt5BwjyYEnGEThdwbXvPfiCpPMQ&key=AIzaSyDBeBhQkLxb3tKDr7QqOhWdZr9nbFBWCIA"",""https://maps.googleapis.com/maps/api/place/photo?maxwidth=800&photo_reference=AU_ZVEF9SMmbJ88w8HWF5P4-LLFYK7hrormxnRTdS_9lpVN2xue_x6p-BtkDawvhxteSojnyZ-RYSWJGyUqkX4eAtjY6Cp2xcXLyg2ATvGUu-SSvsxoDo9O-PbYet3_KfsLxt0UGm-o7m-cCVsmf725-Yj84gu7KXdXJ_Lf0AGS7ZgcI_wJAhmwuq8jpZkl8YND0z3OrChL00x79qTA8rpKTGkIEv-RJPagN7z0yIEg6JGMGPNPP1tgHnstehToVm3x7ErIRCBgK5qZKc479Th0tWq465ftVdhaKCilAHdXoP5UR5FkA0vpYjinLYsz7oo06mdvYoRJ88QBVWvI_2D_rAK5mdKkDvo_D4xvapA_yKasvegNoi2IJebl4K6vhFQiwZknDRVlLjVTBdNn3123ndloK40i3_Or-zlY8VZ3MUMUpYJzN6uicTdrlBvjAqpQQ&key=AIzaSyDBeBhQkLxb3tKDr7QqOhWdZr9nbFBWCIA""]","[{""author"":""Energizer Bro’s"",""rating"":5,""text"":""Kyson is absolutely incredible. I called him when I was in a bind, he was booked out but was able to stop by where I was broken down on the way to his next appt (within 1 hour) and he fixed my truck r""},{""author"":""Trey Cortez"",""rating"":5,""text"":""Kyson is awesome! Easily scheduled me last minute and always answers calls. He was super fast at replacing all 4 brakes on my car and even helped with a glitch my cars touch screen was having. I’d rec""},{""author"":""Dharma VanDaam"",""rating"":5,""text"":""I had an issue with my coolant hose. I called Kyson and he was there within 30 minutes to check it out. Once he assessed the issue he fixed it within 3 hours of calling. His prices are amazing and he ""}]","[""Monday: Open 24 hours"",""Tuesday: Open 24 hours"",""Wednesday: Open 24 hours"",""Thursday: Open 24 hours"",""Friday: Open 24 hours"",""Saturday: Open 24 hours"",""Sunday: Closed""]",https://cleggsmobile.com/,,,,,email_skip
Doug's Auto Repair Inc.,"673 E 1775 S, Orem, UT 84097, USA",(801) 224-4055,"car repair, store",ChIJEQL-u2SaTYcRqNXfJGamAlA,4.9,461,"[""https://maps.googleapis.com/maps/api/place/photo?maxwidth=800&photo_reference=AU_ZVEEyt6740Lp--CgQtAFfTdYDXMSDDgTNQnsXLQmKTx3qQbHJnSMdxdddl33qg3PD9ysMTdUkRh_zVj8pfKOqodoNOEQ5mfV9Ex-PUYL1ad-hiO8snkcxyH8fBgCmCLyi-j5ATavyFofeTZLyP9sqKbJTJ_GPeaJyDsnbffXMPBcBVntkhCRaFVx93cGwjpsH3S81cqC-xWITX51fKRcDyFA6pdEpjCHvXrrbae-551YkOJVZt_cH3uRVWs6X0zALweaomZiJng01q9Ioyzdi2NN4K5T4rv_sUlubJ7AiiZyZEQ&key=AIzaSyDBeBhQkLxb3tKDr7QqOhWdZr9nbFBWCIA"",""https://maps.googleapis.com/maps/api/place/photo?maxwidth=800&photo_reference=AU_ZVEHd67sPz74U12QfACocawWLhE5rxFFa-rnlDKef_B3EO9HwKOA1y1apKW8dNFmNSwABG4Ka6UWadK74M1C2LQnrHs5mimLfi4mQqmyLScBL9Mk4gRbfaB3PmVQO7oQkw_2xDnh00JZthHnA7LbVwLNFWKrpu4T7tWSPIRrrOYsmGu5mkGLHK4up_slMDG1n6UfgJmxbJC2-WXXB94SyW3jma12B7Do7I49bT6qEo8XZifAmXVAjE0Ey4HUMkyVTpBLAcqZ88WUWnNg8YsZaqzDZWkQVnU_JN6nWQZT3k0Si-g&key=AIzaSyDBeBhQkLxb3tKDr7QqOhWdZr9nbFBWCIA"",""https://maps.googleapis.com/maps/api/place/photo?maxwidth=800&photo_reference=AU_ZVEEzMUlILM_1UgMNJ2fzzHukuBgA_GK962vGNHZB2AFXVOY7pGSMY-P2j55oLM-tSmCVN9-pAZ927m2VCk8g79bGub6gcnhu18tHcUNUHaesBWi1JQp_D80c6wwQewjGYz93yl1WPsP-AJloK0A3hIK27uhdAmcAE505Gug98vPEJIciV_231LZUPdYr6DSY26FysPpaOkX33j6UzvY5hVchQD6Ch2szR8HMsUE08UDCexsSx7pSos0F7nhuCfKV-TLccHmYq2WAtTsu67a81VO7_8Ozg0KnMLt62GRvrKoGnSxEkfoD1gf1CQpTZeL98kFh0qAnQujx8P4hB4yvt9PXZCy1qFCME4U2B0043MU0t0F02rWpocuvzP4KKEeT4OY8exBDxkxPPETiVCwS0YGwPqfAokD77XI018aWDNaGcA&key=AIzaSyDBeBhQkLxb3tKDr7QqOhWdZr9nbFBWCIA""]","[{""author"":""Arline Burton"",""rating"":5,""text"":""Doug's Auto Repair in Orem UT.\nis a family, father and son business. No big waiting room,  just a simple bench in the office to wait. But waiting wasn't long. If your looking for honesty and fair pric""},{""author"":""Jaydee Sheppard"",""rating"":5,""text"":""Doug is super friendly.  I felt like this is an honest place considering my brakes were bad but they didn’t make me replace the rotors or pressure me to do the back brakes.  I did anyways since they w""},{""author"":""Sarah Newman"",""rating"":5,""text"":""This place is amazing! Our car stalled on the freeway nearby. We had heard this place was the place to go, and boy were they right! We called at noon on Friday, and were still wanting to drive down so""}]","[""Monday: 8:00 AM – 6:00 PM"",""Tuesday: 8:00 AM – 6:00 PM"",""Wednesday: 8:00 AM – 6:00 PM"",""Thursday: 8:00 AM – 6:00 PM"",""Friday: 8:00 AM – 6:00 PM"",""Saturday: Closed"",""Sunday: Closed""]",https://dougsautorepairutah.com/,,,,,email_skip
Steve's Automotive Specialists - Orem,"925 N State St, Orem, UT 84057, USA",(801) 406-7422,"car repair, store",ChIJQxX8NGSFTYcRYA8v2EDpwh8,4.6,305,"[""https://maps.googleapis.com/maps/api/place/photo?maxwidth=800&photo_reference=AU_ZVEH5pCRjO0Cw5oPd4kIOdRwGVccG3p1cHczPJixB-RPB6Tv5aiH5mKJEfzcxofePhq2t9-8GuwOLihjL-BviYkb0_b3VJTUtwQJIbFPkV-IWsHQYP5auKHHC3SbwmB6fsaE9lRR2j8YRNESbvPwS-nO4cFF9_r_eDLT-sB-4bHVoOB5Y9usouKyOXGnXZAbs3Rnr_J1T3ln310WVZkoWRmnHKsL7GSqaYrs6azvTWPuzYnQ5lLfBh73AV-EoBoXkccpWY767961tr6IuV23m99M6822-lE1mobdeoXWqpbBZgg&key=AIzaSyDBeBhQkLxb3tKDr7QqOhWdZr9nbFBWCIA"",""https://maps.googleapis.com/maps/api/place/photo?maxwidth=800&photo_reference=AU_ZVEGtd20F3ENI6ERa9jc1q-5CKw3U7JktrLGObwiwEF3pQWCRjUcbLkhh2pQB1kngdrojFzAdoG0IrKmhV_nASWbPycNttbm0zR9QcKrxVrmr-j4sth7bwiYKggCESdChPn5FoCfcLlYbisDmSqz0r9-Of8r97ZYj6KK5FvCrwY-xRiQ78y8scb7iQZaFkVC3mbtgnyT6h4Gt9evwqb3mdjB6QEyVObrLjF6s6ttR_69qgYU2Ey63V6xneIsBPX9LZOWcfbj3_tGe9V7RpAB-NzyP_jz4f1o2Inw8qW3k_kAN-Q&key=AIzaSyDBeBhQkLxb3tKDr7QqOhWdZr9nbFBWCIA"",""https://maps.googleapis.com/maps/api/place/photo?maxwidth=800&photo_reference=AU_ZVEE6joycAdzIRulvZa2eItcvW9cInYTYfNUAiLLlPcPSUi6tHvJuGO-V3t9AkdzkybkGFDoYlDXXU-sJ_GhTDYUT-G5RkWGLjuyCsDUIWaluEL0Rq326Gl4o54yWCQeqjv0628QUJNdxS1FY8A3lgd6rBjL4CdncejM8YlDRn-aqY2uAvLfHrlZ88FQfDlty0VFttwZkM2indcB3KuT88OX9h-A-4f0qAxKn0wM5q5j8P7J5f2MbZwEed9ToC_PxrA9qt0emAwmJWD352Ne6_Qq3CSXNYr-ErL0drxuDpTUNy7F35zCqSY0MA3x5fWYE0DAURLm08aPIhSEPubfrF3RuLpXLs2-AmIP4Qe75XujcrvMKTJk_TugPJAmCmYsHL97H4YKozAh6mz_J-7yDFDxWgnSlrVVRXocRHmWMZkWJwg&key=AIzaSyDBeBhQkLxb3tKDr7QqOhWdZr9nbFBWCIA""]","[{""author"":""Alisha Cryer"",""rating"":5,""text"":""I really like bringing my cars to Steve's. They do free diagnostics/ inspections. I like that they are honest and down to earth and super nice. They're always great with my kids, they have free snacks""},{""author"":""Jeff Harmon"",""rating"":5,""text"":""Came in because I didn't want to go to Honda.  Steve's team got it done in half the time and at a reasonable price.  Gave me some suggestions of what to do (including maintenance schedules for my next""},{""author"":""Jay Cannon"",""rating"":1,""text"":""WARNING WARNING WARNING\n\nDon’t be fooled by their cheap oil changes and friendly demeanor.\n\nI have a 2008 Tundra with a lift. It was squeaking quite a bit. I thought it might need new control arms, ti""}]","[""Monday: 8:00 AM – 5:00 PM"",""Tuesday: 8:00 AM – 5:00 PM"",""Wednesday: 8:00 AM – 5:00 PM"",""Thursday: 8:00 AM – 5:00 PM"",""Friday: 8:00 AM – 5:00 PM"",""Saturday: Closed"",""Sunday: Closed""]",https://stevesautomotivespecialists.com/locations/car-repair-shop-orem-ut/?utm_source=google&utm_medium=gmb,,,,,email_skip
All-Tec Auto Repair,"944 N State St, Orem, UT 84057, USA",(801) 224-6060,car repair,ChIJ3W1x9y-FTYcRSYu72x_eADo,4.8,101,"[""https://maps.googleapis.com/maps/api/place/photo?maxwidth=800&photo_reference=AU_ZVEEIeyD5ADEht3eOdIeWk6eVelz9lzIL3nWMXgnhhPd_iyi8IcpwUa6PXPfhYgVFe0gJbjOQhGnY5ZbVfLANSce22_QBQAUN0yTWhmyvIrUxtxI6YNbRjogeCbp1JBLo6hOjo6w3V9KGGCKd3_OS4puHm8UdriYDoOK3KsOkwT4d8WpxoemtDm2FmA6pcsem7yI2pZFDcxI6xViedBjOH3MvHrrygW6LQKi6VqibeHWuV53jLOIjQFLdR2F5uWeX93BOtKbQM28Mz123gAVkd3Y1hwISyUNrtXUOSGrVEzXqhfskfmCdGz6NOQKZu26gfrrlt6j14JWtS-IeCVFmEqEKrliMKyis0Vvrudi4XIeKScIaFahGilrB17gmjKWHvnrG2ZYmGkidPogcqveEgum8V_4a-ziKGqxIzN1R9gmpxw&key=AIzaSyDBeBhQkLxb3tKDr7QqOhWdZr9nbFBWCIA""]","[{""author"":""David Polichette"",""rating"":5,""text"":""Was referred to these guys years ago when my previous mechanic retired. Always felt I got a fair price, and they seemed to beat their estimated deadline.""},{""author"":""Dan"",""rating"":5,""text"":""These guys are all great. I'm a second-generation customer. If they don't want to work on it, (German cars) they'll refer you to an honest mechanic who will.\n\nThroughout the years, my family, and my i""},{""author"":""Challis Hopwood"",""rating"":5,""text"":""Visiting from Idaho to get some physical therapy for my disabled son. And our car started giving us issues halfway through our trip. I messaged my mom's cousin and she recommended these guys who she's""}]","[""Monday: 8:00 AM – 5:30 PM"",""Tuesday: 8:00 AM – 5:30 PM"",""Wednesday: 8:00 AM – 5:30 PM"",""Thursday: 8:00 AM – 5:30 PM"",""Friday: 8:00 AM – 3:00 PM"",""Saturday: Closed"",""Sunday: Closed""]",https://www.alltecautorepair.com/,sites/all-tec-auto-repair.html,pending,alltecauto@yahoo.com,https://all-tec-auto-repair.netlify.app,complete
A Auto Repair,"744 N State St, Orem, UT 84057, USA",(801) 427-4338,"car repair, store",ChIJbeBc9y-FTYcRFVDALQGzUE0,4.7,119,"[""https://maps.googleapis.com/maps/api/place/photo?maxwidth=800&photo_reference=AU_ZVEGfXwkehRNkhkKA8NJszHBBLlcBAg-vJHpb9xtnztwTK7OHjAWZNZmfF7CHx8racNMdtmfdnSc1cB4dbKxo0o4XVeNlJmN0_NcSp5xHz2fU4Q-xqiTn5XhbX_wlS56GAzntnQZmaH-_1rQwIpFuNP1_rQuveMSRhMLOFTI2OWfmqfR85Xdm4pOGW42HMRqNjFFS8CxfVoC9pkgF0D0uiT4Ds6stanTXPyh3gCKUI7zinQVu6UTQICMAdcvVxqpdY1ReJIalzcUwBLf7CttRKUzy1BEajpwrQMstCD57RbpyTA&key=AIzaSyDBeBhQkLxb3tKDr7QqOhWdZr9nbFBWCIA"",""https://maps.googleapis.com/maps/api/place/photo?maxwidth=800&photo_reference=AU_ZVEE7PwNUocJfT7FlpZGp403CHFG7rE2VaVNrP52OYT7od7Z7iu7sU6P9rz4S_E22kVQYPIfkCdzGxaq7S2gM7EcWqHsLVelVym0EoprbKviEL0Ry-y2amX7EYDMgC60Ya_7Hk-E21h9qim0pFl2JMfxz9JNFUe9GD8FVYQj04qRjAMTAbm55fDoufEpgrjPxzmv9xCjEOO_RDVbfPCBBRKy2l_F4PomsQ6esg55va3Vuo1o2ExyKgCA-l9HudtGbop_hS3yfE87z9loZAcTJUIMib7FV_6luhMPmaKVDSL7viQ&key=AIzaSyDBeBhQkLxb3tKDr7QqOhWdZr9nbFBWCIA"",""https://maps.googleapis.com/maps/api/place/photo?maxwidth=800&photo_reference=AU_ZVEHgtRSYvWh5QF5FSiQBgI51lTzHX9D-oUcpCO9Ug-7bFS9w2eMoTvf907utrdw08wxNIQOZzJ7JjE0jr_173s9OCxRuYj6NQj3X6lFkNJ8jdwSFVrMZW4votkqpmTDE2498K-kKBmCodGi6F0-UlhcxgFa7wYNO6nXcNwbzQ00AecO6SIWGKJ7GpDAFPu7YiKE7ZZj-ZlpEHun4745sXIBGqh0ERNtrB8b-nJb2pqCYN5KNwttKbOESMQYUeCkKemcNYKoo8ZUMbPuVQtZrRBgpZIzLcSqhzOzeqrV4b_6ctg&key=AIzaSyDBeBhQkLxb3tKDr7QqOhWdZr9nbFBWCIA""]","[{""author"":""Tyler Thomas"",""rating"":5,""text"":""Took my car in to A Auto yesterday to get my timing belt replaced. The new owner Wesley greeted me quickly and listen to my needs. The quoting process was quick and the price beat everyone around by a""},{""author"":""Kory Armitstead"",""rating"":5,""text"":""Wes and his team are phenomenal. I was quoted almost double for the work and told I needed much more done than what was actually done with a BMW X5 by not one, not two, but THREE other shops. One in S""},{""author"":""Jared Hendershot"",""rating"":5,""text"":""It's not often you come across a business that impresses you enough to be a customer for life.  A Auto Repair is that place for my family and I going forward. I was extremely impressed with their qual""}]","[""Monday: 8:00 AM – 5:00 PM"",""Tuesday: 8:00 AM – 5:00 PM"",""Wednesday: 8:00 AM – 5:00 PM"",""Thursday: 8:00 AM – 5:00 PM"",""Friday: 8:00 AM – 5:00 PM"",""Saturday: Closed"",""Sunday: Closed""]",https://www.facebook.com/AautoRepairOrem/,,,,,email_skip
Alex's Mobile Auto Repair,"1104 W 400 S, Orem, UT 84058, USA",(904) 239-1468,car repair,ChIJUxisC0abTYcRdSjjb3MKvlo,4.9,42,"[""https://maps.googleapis.com/maps/api/place/photo?maxwidth=800&photo_reference=AU_ZVEGnzRT0tMdYguWQsgb7JLihlAzzMaHnvmmmE4reO3JMOhqSb4J03EgcxMwYwHcqteBellCZLDdkbS2FFhmTEi2N44Lp9T2cB7sgeqGNRkkzCMWUf67bDuPPfqw9qOiV5I2qx0ueH8EX7-6KQ7Com-i512yxOZI_IDK-G2cgOhRq7a5lvXdkTBN-M3YGkeHbP_wgKHEIMkBsCuv04VYRIfuXpvCPBnM2YBmhQTyvPK6x6yp7BgOCNTJbnrJZPRddor1UvbwZ-EBtqWQ3rxa6ZFap5RpQOxhogSbNmLSIj-Bdyg&key=AIzaSyDBeBhQkLxb3tKDr7QqOhWdZr9nbFBWCIA"",""https://maps.googleapis.com/maps/api/place/photo?maxwidth=800&photo_reference=AU_ZVEExdPTrG74BTjjuZYu4loSJsFpSlHFpLOg5MaSWOWkmtJzZtqB_e29opvXpz_gWedcbh2gmrP3nFJfBq7bFqmTXN6S8EyZW6b3v1mj7hd0x7Qw3q0_nCWv_1d2S1Y6UO7xKLPhLfSIdQyzxi0yGmYPaan8gN5BR9kaW0cN46_Ps5Hnw5Hk8ejGaIo6-myVODFO0oZFOSD4qbZOCxImKYeXMFGIoFj5mJbpwQuPVd6Zk3W8eiiWoz6GpGw29bYeOJlgoYhSUEkt7UmsTtwkkeebZ2uGcujKLSosjXaRIM5nL9A&key=AIzaSyDBeBhQkLxb3tKDr7QqOhWdZr9nbFBWCIA"",""https://maps.googleapis.com/maps/api/place/photo?maxwidth=800&photo_reference=AU_ZVEEcGN1msbCrPUqAxyGBr_7ROovl0OQSaSIg9M9-Fmo2xZti4mwwq-WXbqeECb-aNqkIPBaam5CTfI010kYWL53BnmGtSW-PmX1Kwi1E0sYOKhZcp_H2E1MeFxWoE9qMrkYIndpMtrnqYbumeabsXe87vH4rg4-k_CTukmtZviKn_InAausEGa3UAP9elDZ7GqWAFp5AvETLCnp_AzKIb_CDqAl3Y4p_KQa-9aMNd08_-twqSwQ1U_unqSOqPuqlK8COMg9XjtBuErXCMKQ_YKPjSif-SQoUkdJ-qNsvVcJGpw&key=AIzaSyDBeBhQkLxb3tKDr7QqOhWdZr9nbFBWCIA""]","[{""author"":""Caden Jarvis"",""rating"":5,""text"":""Sam drove out to perform a pre purchase inspection for a car I was considering buying. I was impressed by how thorough\nhe was, he really knows his stuff and was able to give me all the information abo""},{""author"":""Perron Hansen"",""rating"":5,""text"":""Had a great experience here with Mark and Sam. Mark was very understanding and was sure to figure out the issue with my vehicle. He was punctual and made sure that I was taken care of. Sam was very he""},{""author"":""Tom Kline"",""rating"":5,""text"":""Had a blow out on I-15 got truck jacked up and lug nuts off but wheel was seized to the hub I tried everything to get it off but didn't have any tools called all over trying to get someone to come hel""}]","[""Monday: 6:00 AM – 10:00 PM"",""Tuesday: 6:00 AM – 10:00 PM"",""Wednesday: 6:00 AM – 10:00 PM"",""Thursday: 6:00 AM – 10:00 PM"",""Friday: 6:00 AM – 10:00 PM"",""Saturday: 6:00 AM – 10:00 PM"",""Sunday: 9:00 AM – 6:00 PM""]",https://alexsmobilerepair.com/,,,,,email_skip
The Car Doctor of Orem,"771 400 N, Orem, UT 84057, USA",(801) 717-9373,car repair,ChIJ2012bsaaTYcRYj59JV2eEWg,4.8,311,"[""https://maps.googleapis.com/maps/api/place/photo?maxwidth=800&photo_reference=AU_ZVEEu45ZgE2ClZybYuGEpiYCW2nnmmKVdudhSYjL7Nsr1Frnt7YRqYRpz9AOTW3GiRVpfBtBDYiFJAg9lFLDfMSzcseicYkTgobNmzihb5sfgSZehnYklDLYzByr6LiHvvW9sLlGX0nAZjvP5e3csF47FFdU7gHLoIKdWAIzzQDm0VchcZH5lEjF2heZN2sX74nQO9XbghuNiLFDiX2TzC0d6r0h4S-xoD2VQWkeG3qU_d1Tnoht-zRQGYl6pUDDUYzVxLwk7U_dAyjmRQbIP_vhMiNf84hqlg4mY8rn6uGIGzA&key=AIzaSyDBeBhQkLxb3tKDr7QqOhWdZr9nbFBWCIA"",""https://maps.googleapis.com/maps/api/place/photo?maxwidth=800&photo_reference=AU_ZVEFOgGtSZE-J7P0kDnccavtVWi2BE3oeGpFFVSes_0q8BQJ2xJYJj0CGLfB_oSx0oFLezbwJUsFBShqLNftSJXbNbKeklamFRYljgxE0dwWALTyP8AiO7Hlfdq9gWkFe1IxkiPYitP1bGN5KwJeBv6wY4n5y-MblUMU-wOe57esvahkesproHONK34MnopMPRQhGIr9SarNgjZ_zedDo7-y2_r3Iq-mfAArQ8cu_XuaSlR17sYjOJhLuIP_nXcUvktlWRVMUqaPjqDCs91iiKDrkuLrVbmUjfZi3J5gXHT16PWtr2GDrG_oqOu9xh7oHhBEUk1r2DvcWa69A29_CpXfMaTvtKVv8aLN1ThyK3Tj2hIS7P42YOQ5746sVWA6oSSAr-Dh2GHQ1tSulYFbsXFcNCp7JtoWDH3mh2lX7Cnk&key=AIzaSyDBeBhQkLxb3tKDr7QqOhWdZr9nbFBWCIA"",""https://maps.googleapis.com/maps/api/place/photo?maxwidth=800&photo_reference=AU_ZVEEVEiht7WmktTYVg-abrERMHb-XSnZ_GPHkjms0S3zQ_p5HBcbHnVftMDGL9Bhm48VG1CeHSD_j4TLLgBA7WZgz_nc7BFvhJDTV99bTROLT7Zng57iJLFOZ4nlZah9SaZBhrYOl2SSZQIbXgRXGSXYAeqM0lP6sn0Mbyi9LsP2fFGVhoIJYhS45AutRIcvXH3-m8tzglsSavHXTcgtro5fRm0I5d3hzkazetj34ks48UJBZSD-v4mPfCI9sLJ54M8x0jczo1Q_8UHlxSU0iWuSCMmoWMlpzgPDNqAcYjhe0XdL8_kbRjV8CgEOiARaL2XKOB050UGigoOsHAdm-ynGXA0iI0MlsAqQskAfcqjnjElaIaIQUw0ikljYNrlecJMrgeEvcuW6AjgHbso2AjEIFt4DZjVJjANBb63WZEfY&key=AIzaSyDBeBhQkLxb3tKDr7QqOhWdZr9nbFBWCIA""]","[{""author"":""Alex Mancino"",""rating"":5,""text"":""Eddie and Maria got me in right away for a VIN inspection and didn’t even charge me for it. I know it was a small thing, but it’s rare for someone to take time out of their day to help like that. Real""},{""author"":""Nathan Holt"",""rating"":5,""text"":""I've been going to the Car Doctor for years, and I've always had good experiences. Eddie is an incredible mechanic and he's super honest. The price is very reasonable, too! They always have time to ge""},{""author"":""Breanne Hunter"",""rating"":5,""text"":""Eddie and his team are absolutely fantastic. We've been using them as a mechanic for over 5 years now and cannot praise them enough for their amazing customer service and expertise.  We've brought sev""}]","[""Monday: 8:30 AM – 5:30 PM"",""Tuesday: 8:30 AM – 5:30 PM"",""Wednesday: 8:30 AM – 5:30 PM"",""Thursday: 8:30 AM – 5:30 PM"",""Friday: 8:30 AM – 5:30 PM"",""Saturday: 8:00 AM – 2:00 PM"",""Sunday: Closed""]",http://www.cardoctorsoforem.com/,,,,,email_skip
Master Tech Auto Services,"102 S State St, Orem, UT 84058, USA",(801) 228-1688,car repair,ChIJtbOqg-qETYcRCLT2i2SmHmw,4.8,129,"[""https://maps.googleapis.com/maps/api/place/photo?maxwidth=800&photo_reference=AU_ZVEFzRVQMpPkJs0pke9oNBpTaQ62xT3iQxjMOmLYMYP-SFhXqSTAGjqnP8EAwBM1ai1up6rXMok5l2xzseJlseVEdcpUNqxXJBa9AO8CQzU6fcldigdVshVsGNmFNWu_qRCTTn0Te2g0oNqf-xhjZlkB_rzv_KSAFAbxnfd_iBXc4fbaoFHPyh09IiS8yQ9Ga6XvGnpBoqq72gEoQ3qIsvY4jLt6EkuJICiqnksjuADeIwEZCXruKZZkv00gAATxILHzyQdXRRUBfTneKu7GI7I0wDVxUxtEIOmK1OmwpC1ZzpQ&key=AIzaSyDBeBhQkLxb3tKDr7QqOhWdZr9nbFBWCIA"",""https://maps.googleapis.com/maps/api/place/photo?maxwidth=800&photo_reference=AU_ZVEFMonLhsCrXKAAZtCZkAxCgy1kvHfXSZbrMMjyGlS8dgTKSke8cCEoUlxfrtqHaCcs6K6XSu4I6vVAdfDvQiLnH4IBqDBShWsk-6IOFqM0iGVWx06FwypMZpZ_SHQNeChzFwmtN-TLYjBTeXymg3ElfXD6OyVnicBMOFu5mw94F7AKHCZSNjVL6j7izZ_iW_moK7Vida4gFJQ7a-W6z1TZ6ai1C5TCY-i-ihm8a6W19xg8yQAXR7SknSAUKyhutnvN4dbTo5dHDsiSIf7I7DaP3hHW15i54sPoW91a3_4hW3g&key=AIzaSyDBeBhQkLxb3tKDr7QqOhWdZr9nbFBWCIA"",""https://maps.googleapis.com/maps/api/place/photo?maxwidth=800&photo_reference=AU_ZVEFgKXJDAYwWoRgT9IZ0dtIzed62aJ5P78nYWtt2tYS3mtCbZmgCRex6x-Ra40w24oJ5aQJpkMtO2-o_bmITa1DOX8F5FcTCWz2SL171ERSEoQiZRNEmX3SH9-Xq30nsA8e4rcsbINX3kxDO_7nCXT50tI2J0RFnhksUyj8dfL7BoauynVRXY53k1iMyR1t2AO7m66TloCsjVcwoaceXSkCkeMn6vEwqQgrNhOTV6xHG4feGxqeZ6OrGOXv5cETGaetorU1_FYRoDX5RzxAaUM2RUZF6wVYCBhvVUoiZJBFZ5Q&key=AIzaSyDBeBhQkLxb3tKDr7QqOhWdZr9nbFBWCIA""]","[{""author"":""Jacob Ellsworth"",""rating"":5,""text"":""Great mechanics! Honest, dependable and trustworthy. I generally am skeptical of car mechanics because of the horror stories that you hear of folks paying for services they do not need or being overch""},{""author"":""Miles Spencer"",""rating"":5,""text"":""I bought a new car battery from Autozone but because of corrosion on the terminals they couldn't install it. I drove over to Master Tech Auto and they install it right away. Victor was super helpful a""},{""author"":""Andrew Pontious"",""rating"":5,""text"":""Came for emissions and on-the-spot renewal. They were quick and provided super friendly service! Highly recommend.""}]","[""Monday: 9:00 AM – 6:00 PM"",""Tuesday: 9:00 AM – 6:00 PM"",""Wednesday: 9:00 AM – 6:00 PM"",""Thursday: 9:00 AM – 6:00 PM"",""Friday: 9:00 AM – 6:00 PM"",""Saturday: 9:00 AM – 1:00 PM"",""Sunday: Closed""]",https://masterstechauto.com/,sites/master-tech-auto-services.html,pending,master.t.autoservices@gmail.com,https://master-tech-auto-services.netlify.app,complete
Master AutoTech,"184 S State St, Orem, UT 84058, USA",(801) 877-0305,"car repair, store",ChIJyblr6MaaTYcR0g1igfUfaYM,4.7,353,"[""https://maps.googleapis.com/maps/api/place/photo?maxwidth=800&photo_reference=AU_ZVEE5qqfu3_YR9AER08mpuBljLjd9XuKqx4wS4tzKxOAVCh7ugNozt_RKzqiTYvJnuyyPvv3XT9YAbqNLNajG8-qclIsrkTVm4mIfcdjmspUEiWscf0daeiBuqijzpVHN4AOIcJN-muDz-fNNvoC4LU_-jztsdrTqVtLgKWy4yMWahFxXoDfbRpACUSAmrOF_uVw3AJg6cw2bcL3MJVQb63sfSJNWRq8xQb3wRabuu6AZOAFA061-WX6ATaRLJHvzEdoPyvoAasUNXDuMFfJGXScIlPZ9LDjnhUbLG9_zlMTtcAbrzpuXqJ5ymEZpQDLRkDJkjkWtD02XHeu0tS3nzTmZ4ckio-qlH0zScBbno63735b5kCb_Tj1jnIDYCLgJqOXCKkAu_RhyT7DAHehKcFPjrOfjl0NblMTv1kXmiLqvecWHAa7RWts72QNf2Ix_&key=AIzaSyDBeBhQkLxb3tKDr7QqOhWdZr9nbFBWCIA"",""https://maps.googleapis.com/maps/api/place/photo?maxwidth=800&photo_reference=AU_ZVEH3IJocmatwSzB1xWxx49yl8BbHBLS7AwaDjmAYypvazwi8Aq4JI8m0szwm1Qu4-6rB2N86cgbX2BWUhJauLLlbv06kRhgioR8DzU5PoXXKc-qJXyTzQehuZZwafL8m_T83QdJAPLzfTOvGYSYXYJPwJ9-8ZFwc2SdZKoVlk8YamNvFyojYEfgMhJrVpAgZifsOJH4q1hW2WBV_rwXhxqX5NzTRYwzrfGvNz-g-QGWexmHiPASPha4NNNSZjlKvvah5GrY2u9FcNt_LHcsRiPd4qvqBZnBhbhb1B22qvFd9NmdkQ-vEYzLoHYIO882PK71r53ka-paaLbppNZmY2zLz0JyRGBjcRD_HELrim8uAMJCoICZiH6NV4OH_vzIKMzw2Bku4GJ1L4D7RJb__Za8H0Eaj84izFTCAoFChF2M5lw&key=AIzaSyDBeBhQkLxb3tKDr7QqOhWdZr9nbFBWCIA"",""https://maps.googleapis.com/maps/api/place/photo?maxwidth=800&photo_reference=AU_ZVEGnrYPwoMzS-4Pdfe9DKiSKwlNlongCEGhvbKsBPGj2vT7-5ue9TIbaoz8fYp-nouV8P2MX7d0KBgKigZm095wVCoevib0Kp9DF_YTsdIvMwS2TTTJ-mLtUxD7zCu1cemRSRYZzzJbcu-LEVYA9ATu3-Rmib2qBJa86EfLmleTNyTLczQqVqjOquXO8iJJP5yRH5PQt3oBjFqvIm343qvuCFvT0_kBlOjdd4Xm4CfQ2ulNXikHkatLzAlJU94s_06a6_iriscJsl0-kYBqo06YDmtDg7L8hnHy5lqpD8K6NXHvIYEFRFiblBBar1PmRTlJIKZGb3oydpBUdR6rCspy29GMpluYXHDBpKH-awCfA5CkigHNs-P0TPYM0rsBJPMPllCSih3NKf-R0rKV_cXe8O0zDwQF100FHcL9h7QELrLak&key=AIzaSyDBeBhQkLxb3tKDr7QqOhWdZr9nbFBWCIA""]","[{""author"":""Travis H"",""rating"":5,""text"":""Want to talk to someone that really knows tires? Ean at the Orem location is a tire Expert! So grateful we stopped by and talked with him prior to ordering another set of Heavy Duty tires for our Dump""},{""author"":""Jonathan Lowe"",""rating"":5,""text"":""Most people like me are skeptical of car business. Sales, repair, maintenance. There is so much unknown and you have to rely that you are being treated fairly based on you little knowledge and your gu""},{""author"":""Jon Spell"",""rating"":5,""text"":""I took my car to get a brake job because braking was making a grinding noise.  I have been going to this location for over 20 years and they always take good care of my car and me.  I really like the ""}]","[""Monday: 7:45 AM – 5:30 PM"",""Tuesday: 7:45 AM – 5:30 PM"",""Wednesday: 7:45 AM – 5:30 PM"",""Thursday: 7:45 AM – 5:30 PM"",""Friday: 7:45 AM – 5:30 PM"",""Saturday: Closed"",""Sunday: Closed""]",https://masterauto.tech/south-orem/,sites/master-autotech.html,approved,jacob@masterauto.tech,https://master-autotech.netlify.app,complete
Advanced Automotive Specialist,"1026 N 1200 W, Orem, UT 84057, USA",(801) 762-0071,car repair,ChIJI91oGNuETYcROvpHEGuOjCI,4.9,110,"[""https://maps.googleapis.com/maps/api/place/photo?maxwidth=800&photo_reference=AU_ZVEHELhtRmh9nz6Jlsz2f2k5txFW-zOTZy1VmuVN-buRy0BIOWY8ppX401BtmjRwNoVIwhTvraZu0ZODGCRe8DEj4hPwFg1eFTn0R3n3zRh1vRi9RA3xA2VLukkrfspncYVP22NaxMDQzJCBMm6eECtwTU6mqLDL6uC8AcLLgZ35LHFhd3O4Fmojyojbk72qdaNrL-FCs1VpcIhkkQy3xXkgqLLe3jRJMeHTrmwBICmmSmiZmCTpq_YuBq1sSuwHv91viNcbkObX_MMXCuWDTgHybR9nLAOvGZLTyBkTiEZJ6yS5HKItcc4i8L6jyyl69O_v9R-3BZbjOfFLqQhSmokrzb6k0vI2HplE6Du_uUCaFkdxHg-3hitXT7PEgrgDgzN6PRo-Xz8_5Ac9AAqe9q0Y3P2bWNL9QHMbXo7iaEDSvhwjX&key=AIzaSyDBeBhQkLxb3tKDr7QqOhWdZr9nbFBWCIA"",""https://maps.googleapis.com/maps/api/place/photo?maxwidth=800&photo_reference=AU_ZVEGBa_AzzlPMLzSbn8l17ofQ20fdjDEddS5EPTcH7BJvSi9JZTl_rurRNvy-gfaVq7i63ghaUIbB_NRhQWcwnVLNQv_rVOOvjPh0NdeZvY-YMsHb_G4gVXW_0YbHf04_FDrVNlpgv39Y7k26qtBXy2_fluUa05iqU9mv89ZMzJnIuDoqmEkPrrsQQS1kdbEp5egom4u4RqdMbb9BdPig0DMxYU6mby3HoRaaHy83GmzS5RiJKLDUZmDhhpRDObVq1FEyGNEIulxNAF636WSK26WSPNDVxvBfE2mE6nNheS4UYj19-xTPU9p9p2JzNN0Kq39LojOgnOhYENyy0mTmm6RZWHWaMiZs5b1JX_QpPlCMT3y_jWyA-ZzfrXCh-0tNbHdcZ1pq8nVyTJyBFpmwA90ne0KuKTRWEZ7bZ5pfXsXEUJgc&key=AIzaSyDBeBhQkLxb3tKDr7QqOhWdZr9nbFBWCIA"",""https://maps.googleapis.com/maps/api/place/photo?maxwidth=800&photo_reference=AU_ZVEHwRfxP_IAPrDurWeCqg9br9GqkYlPMKsrLsIr1TUUY_-7SU2GydoFOwpnUmoZ0lOhHl8wXG9QHCoQ0HuyfvfJePFXeYK5iFLgvj_P8tcuB3R_QO3XNKGwiJvmTckBqIK8A6dBLoZav9jSleSHl60FGAzddkCzVyGkvBu3s0o2NP5hCPxIJo4FrS3ynSCm__FpyPX72H76tw1LV8096T4NzYMng1mx-qhbsnaqocQ0BLizC1d97SdWS2Uj-jEFW-x5AlxZqHDDVw-WLlAv_zlYk1xGO1vdQXabRR08mCP4OFEg7x-U0G2kfqnQdJtxbHn_VkHCAWGwWG8rK01zxnRjPL7zfbo1HgzRkLywvdgDHeApBYTkIOzHeWQrAP5tJJ_YvVXaO3s5D6Z7K9x7UTQI-IXFfpw6Fd2Yl_AZdGJw&key=AIzaSyDBeBhQkLxb3tKDr7QqOhWdZr9nbFBWCIA""]","[{""author"":""Stetson Peterson"",""rating"":5,""text"":""My family has gone to James for work for 20 years. There’s honestly not another mechanic I can refer anyone to in the state. I’ve been in automotive now for 12 years myself now and I’m always impresse""},{""author"":""Ash"",""rating"":5,""text"":""Totally blown away by how awesome this place is! My partner has his almost 300,000 mile truck running beautifully thanks to James & his team, so he was adamant about taking our new (old) vehicle in. I""},{""author"":""Dave Franz"",""rating"":5,""text"":""I've been using James for nearly 20 years. James is one of the few mechanics who is genuine, honest and does what's best for you, not his wallet. He has fair prices  and makes good, honest recommendat""}]","[""Monday: 8:00 AM – 5:00 PM"",""Tuesday: 8:00 AM – 5:00 PM"",""Wednesday: 8:00 AM – 5:00 PM"",""Thursday: 8:00 AM – 5:00 PM"",""Friday: 8:00 AM – 5:00 PM"",""Saturday: Closed"",""Sunday: Closed""]",,,,,,email_skip
C Jae's automotive repair,"84 1200 W, Orem, UT 84057, USA",(818) 294-4424,"car repair, store",ChIJP81zYIObTYcR6byKEvQ66Yg,4.9,270,"[""https://maps.googleapis.com/maps/api/place/photo?maxwidth=800&photo_reference=AU_ZVEFxe4O9T0Y4OAxTEHiCeMGkMlxRfn810EdwIrKn4Jl282amt9mC53hAb93-qcNQqHmks7Rr3l2PBH3TTpojVECIH8Kmy7A62JHmKzmVny-erhiwH7CFa7UYm7cX5yMNP19iCsaB9Z7fDBRXUmXZhdAq6JWPbleOb_kyYQ2jHDvBzHgujw7_FlRkNsa9732WPT9VWuffJp_2qO1RH6joea40uXyM-HrBFn5s5_ZlctPclHY_T5j9w35TGR8IlXwk4H7Zrirg8XG4lmTQTzwbOkJwkizd4N-mu2bgsZ6rrzw-NQ&key=AIzaSyDBeBhQkLxb3tKDr7QqOhWdZr9nbFBWCIA"",""https://maps.googleapis.com/maps/api/place/photo?maxwidth=800&photo_reference=AU_ZVEEaQTmr2ru6Ae0xEB5ppSf7s-VA09lWMD_1H71t0-WT_xnJiKYgnZnYMzZwDJrHaKL2IZzDPCAod37U9j-28CAZy78s-kGEa_Zjx3hu0eR63kNSIKr_fV0hPrpFd9VK1hGLqrKlLacDgpF3WB5hRcn_L_YkD1UguepPNL1sCXawICkDc1AYHZV1x7FuJXZdBjd0_wpjccEkei49JDt7dqyWUsnkpr8aFVSURtnKFW9VWNIyEVmjhvVWi-VwvAemhQoqZsD5TQA0afAeS7gM06jF_U6yg2ps6mlenncIQ2Nhxw&key=AIzaSyDBeBhQkLxb3tKDr7QqOhWdZr9nbFBWCIA"",""https://maps.googleapis.com/maps/api/place/photo?maxwidth=800&photo_reference=AU_ZVEFgd_mCM3vIH9y3nr7uyAjnzZYEluR3t-FIS4OkEu-gtPEJH89NF-aEq0oDjUaSM-ZG84iVWpnKSn6vP8Xebq-5SYa4C11xwTeTHKVDJh9LR02N_vzhjIrUz4OtM8heMebDbaBobn70yCROqJ8P4cZnJ_LMzAlNUmv7O3ZrrohNJqUKGK_4bpSt7OUZUvGqt-53HYzeTU98sE6oIlPZLIYWfovCUc-6V0083EtfgfBVbBSyFDv7MstSy0uVNIsG6AKs6dSvLb7T8uitPBina0yxR_bkYr10Xqcg5Cr6Z7qyMw&key=AIzaSyDBeBhQkLxb3tKDr7QqOhWdZr9nbFBWCIA""]","[{""author"":""Derek Terry"",""rating"":5,""text"":""For those who hate to read long reviews:\n\nTook my car to C Jae’s for a thermostat replacement after I ran into a stripped bolt trying to do it myself. John handled it with ease, caught rust buildup I ""},{""author"":""Madeline Pierce"",""rating"":5,""text"":""Wow!! I was quoted $400 by the dealership to take off my front bumper and replace a bulb in my headlight. Jonathan fixed it in front of me for FREE. Are you kidding?? What an honest and loving busines""},{""author"":""Logan Richardson"",""rating"":5,""text"":""Jonathon was fantastic. I was caught in a pickle with my car right before I was supposed to sell it, and Jonathon worked past shop hours to get my car done for a good price. He has great customer serv""}]","[""Monday: 9:00 AM – 6:00 PM"",""Tuesday: 9:00 AM – 6:00 PM"",""Wednesday: 9:00 AM – 6:00 PM"",""Thursday: 9:00 AM – 6:00 PM"",""Friday: 9:00 AM – 6:00 PM"",""Saturday: 9:00 AM – 3:00 PM"",""Sunday: Closed""]",http://www.cjaesautomotiverepairs.com/,,,,,email_skip
Roy's Auto Service,"1031 N State St Suite 3, Orem, UT 84057, USA",(801) 224-7940,"car repair, health",ChIJ8WkzGCWFTYcRwN1-1tHz3cM,4.8,268,"[""https://maps.googleapis.com/maps/api/place/photo?maxwidth=800&photo_reference=AU_ZVEEeSG_7cyEGhbg7MgajP18oAAjeowV9cNxK456hhn5UDj460ERfcP-HDQz2P_d8PZqFx4Z1eDlRuXwRUPYCP6GlveqX8xLuQII6t0oD394wC2UF5YRxa75zq3A4zU-GhENxFCCSB8v-xuvFLjADCwEN--rKxbY_DeSw_rkTt_NNxOrDhwoV2YWW1dLpjheFolcH7PAWWVVjC725H9TJcMfoiZkY0yIEhtzuba7SCMkM1lCyD3U2YTloSjA8agEEjcrFSdDKOa1_P5H4nLU45qFaBSn6ydHP80CMMDDS_8eaiw&key=AIzaSyDBeBhQkLxb3tKDr7QqOhWdZr9nbFBWCIA"",""https://maps.googleapis.com/maps/api/place/photo?maxwidth=800&photo_reference=AU_ZVEFhSMaWPItBwE-_T7zANLMKXoGnmmqW8D7WEmNzIjTbFRD0dQyEFYbOtbneYkyZQUSNEzMKySXXL04TBto6LHSlcy0ZwuQwk9p51TawrkWcsoyB982oLufCkrhthNOkVevubiLvvzFzf8A4UVPXajdf0HACGt-qDbDxvWnB9rBQcDqASs-z3inyFKuwh6yooYFUVdnOtjK34AU4boX0gedCSFbXM_ISHN6K7QtqS-J8703efmjclAiYwERMd4X0BG7itY5vimZnpDQnACwPlDUZhjqjyL1x1igjPwehy9Mjvg&key=AIzaSyDBeBhQkLxb3tKDr7QqOhWdZr9nbFBWCIA"",""https://maps.googleapis.com/maps/api/place/photo?maxwidth=800&photo_reference=AU_ZVEG24bVlgsuSg-XlukJwhnv-Wi-Zqu9-DjomxhOfE4enfspKXYMUrvEov9ubYE_yJUgEVOn3C5OHFe7i2uVnW7kMI9MwXNQAnWkWh3H6TsQQdMsUkxZ61PK_Fvj3i5WRr9fr6Hcpfsi9sJL1VabOTa-itpac-CGcAafICSRhB0ItcfCG5E62e3pDLUty8Rbv8i91lH2RZttdskc12-ZvA4Mz_45MGujsZR5t209zsNZy0r_tK-4lQsT642LV5o9mf2Oi7N3SRwTahvB_lU3tZYClCfZUtMErgRzuxSbLPJXvIA&key=AIzaSyDBeBhQkLxb3tKDr7QqOhWdZr9nbFBWCIA""]","[{""author"":""Nate Goates"",""rating"":5,""text"":""Over the past 15 years, I have always appreciated the attentiveness and collaboration with the team at Roy’s Auto Service in Orem. Each team member focuses on listening and understanding the problem, ""},{""author"":""Chris Young"",""rating"":5,""text"":""Came in for an alignment and the techs were very helpful in diagnosing a camber issue I was also having. Will definitely recommend to others. Professional and speedy service.""},{""author"":""Tom Sorensen"",""rating"":5,""text"":""Roy is #1. They diagnosed all the problems, they are thorough, informative, and experts in their craft of automotive repairs particularly in Mercedes Benz. I am very pleased with their work. No need t""}]","[""Monday: 7:30 AM – 5:30 PM"",""Tuesday: 7:30 AM – 5:30 PM"",""Wednesday: 7:30 AM – 5:30 PM"",""Thursday: 7:30 AM – 5:30 PM"",""Friday: 7:30 AM – 1:00 PM"",""Saturday: Closed"",""Sunday: Closed""]",http://roysautoorem.com/,sites/roy-s-auto-service.html,pending,roysautoservice@gmail.com,https://roy-s-auto-service.netlify.app,complete
Master AutoTech,"1795 N State St, Orem, UT 84057, USA",(801) 228-0045,"car repair, store",ChIJ6VSXkCOFTYcROxTWigwCL0o,4.7,422,"[""https://maps.googleapis.com/maps/api/place/photo?maxwidth=800&photo_reference=AU_ZVEGXfBPas8X2AOcLmSBRtI4fLuZXHACeJy0Hm7trgxsw99xc2NHM_4xjkSBS_Dl75TiiQEfoZIWiSDaMPD-6XQas3Awn-X7Mz5SZxWWDtuobvhjvbdVNOrI2KjsxqJTemDHSekmC-P6KNKV0qLFp2rF44YG9qzgQX2lpOKAqabbOzPwMHncmYRIb_T1JSzFlYYmR17fpcI66S66iI0mYNxBHwYGH7HPShhTZmunFlc3a1Lg7LcVUvLg2IyFmMDlgdlaGWvz5J209BGKdSpMaatC7QHNXXhyolHhyQIhmtuPbiqIKUMyzdidxUZnsw7l9UDpkWvp60qCnGeh61yBgNToGeR0Rc5mq5BSauRY7aH7r3sSjNuft9dAi3f7BLlf4cne6TqqmlOjObb8tvgy80MNrjK0-xJTLFMuV4PniG05sGSdVjEOWElZ-zOO_KwvR&key=AIzaSyDBeBhQkLxb3tKDr7QqOhWdZr9nbFBWCIA"",""https://maps.googleapis.com/maps/api/place/photo?maxwidth=800&photo_reference=AU_ZVEEgozHmrj7Z1bywUcIKEYpCeUQ0WFv9IkgeRhsyNfz4td2Vxw-SDf4GWQ78O9zxlWsbwl13ayINxgqgnORB8Y-sCom80pTkc2YhXks-SHhdW06HfINK38HK65ps3PQOlx6dgEwK9mRlMivSS-YBsBwrJGWukMKRicUdxPdwWfjuCl-3euzVCxp_Fs5rYc_mnwlVe1Gr7H6nLBDdoN2-V17ZGl5hxEJ1mvQq_lMi5cmAVWj83n-oZs-ZbuplH-TwaXkWoh5F0FCQF1y93K5PQXMiFdsmBesrYWCXCbyZmqehZk1Pd8l1CKHEaENzSd7_yHhii9hHZu83-q3uPc6CQFCNO9R89O5TN1rNlgXQJGqtgQ6TnDkNujg4kqwxbFEMj5CRV_YXCEGltEirrffenNFxF_gLOUwqkqFPh3ZVJ2iF1A&key=AIzaSyDBeBhQkLxb3tKDr7QqOhWdZr9nbFBWCIA"",""https://maps.googleapis.com/maps/api/place/photo?maxwidth=800&photo_reference=AU_ZVEG773nrlsm5TT_20yJV95jYpuwCvyhzZxz21NohefwjxCJhL5FVbBmPoBm1W9hbb7MAzkGFQjvQK0IhHBgqNxZ0c8paFzClwd4w3KjZdO8Fp8c6IcasyOejdJb_Iyo5os8JOFQNdeXMhJxeEhivydGf0_BEPYhkEKgYIkTEfBVDkxibUokhHxyMAaJtfQaFzzAFDmjhxBbJU2BBDFhkYHi4bU6u_A9aph9DaaB9SBSU2DoFaqE4HlGlqSv4HG4OzXIqq9HfVH-NQQaz6HKCAJexXvj3IC4yZ7w3zsir_wU7EpsOo1W3Fa0eb_V2THJU5nBjLVBeQDzxzGgmD_CsM5X34ZUsY41jGV6pE96M5iBBUoIl6YR7jxuGcVNADrt0kYZuc7yndjUiAmKqfTnMsRieAkPCDGkenjata46B414&key=AIzaSyDBeBhQkLxb3tKDr7QqOhWdZr9nbFBWCIA""]","[{""author"":""Brett Ostler"",""rating"":5,""text"":""I am very greatful I chose Master AutoTech. Transmission in my first gen Sequoia stopped shifting and wasnt able to move anymore. Luckily they accommodate after hours drop off! The very next morning t""},{""author"":""DIY 71"",""rating"":5,""text"":""While visiting Orem from out of town I had the misfortune when one of my car tire unexpectedly busted while driving in the streets. I waited in vain for AAA to show up to be towed to a repair shop but""},{""author"":""Cheryl Goodman"",""rating"":5,""text"":""Very professional explained everything called before they needed to make any other adjustments,  didn’t fix things that wasn’t needed. and after I crawled under the truck, it looks like it’s fabulous ""}]","[""Monday: 8:00 AM – 5:30 PM"",""Tuesday: 8:00 AM – 5:30 PM"",""Wednesday: 8:00 AM – 5:30 PM"",""Thursday: 8:00 AM – 5:30 PM"",""Friday: 8:00 AM – 5:30 PM"",""Saturday: Closed"",""Sunday: Closed""]",https://masterauto.tech/orem/,sites/master-autotech.html,,jacob@masterauto.tech,https://master-autotech.netlify.app,complete
Rick's Muffler and Auto Repair,"651 N State St, Orem, UT 84057, USA",(801) 225-5404,"car repair, store",ChIJT7nBqTqFTYcRiQZA901gmfg,4.9,447,"[""https://maps.googleapis.com/maps/api/place/photo?maxwidth=800&photo_reference=AU_ZVEHrq75RSKolCj6EbvuF93NoWgoxI8fgmJPj5keD7LzB-7lCeuShv7Iz87v119hEEPeVcCDJQKd5n6QfRRYSUtXu3yM7iJ_5Escbpjq3GInjk7Kk6FZYUQjbiy7yUSiflIbfFyZW1SgVyUVjNAvXU91wg-6hiYRUIgED98L8t0tWua-NG_z2Nef2zWFnIz5cLvrNHQif2QriSHBg1A43Y865_JJhzkdQIQwaVxZSliIZhqSmRf5RX-roJXzUgdZ5WWitX-6sYCQNyi8Q_93qxQjaSTW_cR8b5j5ll9-bLG8pLR3yPnKpmqRSLBHLPfqc3-E1-ivQkalWsDNZjrXUkWo--4Zy7uziZzLoc1sI4jBOTU_q7HQhnL4UkJQFHzxQZnG6UgLeo8u2VQRitYLfFX7gLprKu1U-5V9jxNcsXxuK2g&key=AIzaSyDBeBhQkLxb3tKDr7QqOhWdZr9nbFBWCIA"",""https://maps.googleapis.com/maps/api/place/photo?maxwidth=800&photo_reference=AU_ZVEFVlBrkzs445HP1vGghS7lU2sx0R_XL35ZXbD19xVShqqvNf32uyGwzORnE1hXQwDsN1Y7ZbGxGH2UmoFAkg3eZeYihgWfWbQQ79PoiyWFS_HvdDFXcoSOVop92R6GtjRN11gfyzDX5KDBqmYmfXJSaO_FR-_L1eooZzvynZ7ZCLpJmEecffzueQIBwv8Dy_BEik3BKQzaNUCk4nKjAPKJSL2Zuvev2IhPnBu1SItmPR5wc-y1asJzkk27H6-Yt5I3S03kPB3V5UipWfUSMpn5n63QXR3vNq0CBT2aqUoIfLT3rWOY2JES9J_13sCRPPhHm4bY_4y2bGb6HyivyMjfDJRktkVM1jhPVTBNubbynrbl6kFM_-Zrj86JTNhW4zmhMLBbZkCPdsoqg_feJI7C1P3C3HkeCxkc5Bl-bQfnZ8XzM3Aet7O5E6ccJYZAL&key=AIzaSyDBeBhQkLxb3tKDr7QqOhWdZr9nbFBWCIA"",""https://maps.googleapis.com/maps/api/place/photo?maxwidth=800&photo_reference=AU_ZVEHZk34mVo-vHYXFlMBO9Yqt-mHTtGOPmSqBbkzvLQY-Zs6bWl6Zs5utnsYp8b3OhxGHBmMIjRGPgVO62XNVc_RyuZAQd350kcqfxJE5hkZEz3jnxmz0nGGK0MmJJFi9o4L0X_0JXToIJT5jz9wNN0V5V5ep8bRAR-aoubtgnZMooB62xzfgRMFW91ZrWMLV9rnMvw4SKCe2-lu_FpjAcXn8OuwANKFwyM8QGYx2fIrPKwn-Y3V8qsTxi09nY0sE2vmpHw0H3mUj79VMys1Y-DkPjhh_7xgJwdIyDhw0kG3SsA&key=AIzaSyDBeBhQkLxb3tKDr7QqOhWdZr9nbFBWCIA""]","[{""author"":""Alalamalae Afualo"",""rating"":5,""text"":""Matt, Jesse, and Mike were super friendly and nice. They even took me in the shop and showed me what was missing on my car. Service was amazing. Answered my phone call after the first ring, remembered""},{""author"":""Perry Smith"",""rating"":5,""text"":""Always a 5/5 experience. Today was my 4th vehicle I’ve had exhaust work done on from Rick’s. Got my MK7 GTI sounding GREAT. Super quick, and high quality work as usual. Thanks a ton guys.""},{""author"":""BuiltLikeATree"",""rating"":5,""text"":""Got it done the day I called for an appointment. Great work, and super nice and friendly staff. 100% would recommend, and definitely going back with any other business!""}]","[""Monday: 8:00 AM – 5:00 PM"",""Tuesday: 8:00 AM – 5:00 PM"",""Wednesday: 8:00 AM – 5:00 PM"",""Thursday: 8:00 AM – 5:00 PM"",""Friday: 8:00 AM – 5:00 PM"",""Saturday: Closed"",""Sunday: Closed""]",https://oremautorepairs.com/,,,,,email_skip
Sav-Mor Auto Clinic Inc,"780 N 400 W St, Orem, UT 84057, USA",(801) 224-2221,car repair,ChIJf9bR-y6FTYcR61DhOWJ8b6U,4.9,512,"[""https://maps.googleapis.com/maps/api/place/photo?maxwidth=800&photo_reference=AU_ZVEHERLIVvoCZJulooEO9OIPq-3vooz5rNoRl45opgb8dp7JWU-owZU0c-iKFev3fXWTNDNf3CZvLpngVmX7OPgUmXi4quF_fvs6PI7lXatP7cfvRm222bQSSQxtibb70Tgjic-O1gLQNVDJv3RrObvV7a41dEyOaSVifKORSdpmXL4xq6NUYPtCOoQE4ui6KIqt_c0N9pOzmTXH8_3ugSfVyvev9SCNyxtdG3zALx3CrEstLOtwCsx6___fWE5UXyTdt8KNCcWa1UL91TYcKtPtRNBpbDGi8QOT-HJyH1nCqGQ&key=AIzaSyDBeBhQkLxb3tKDr7QqOhWdZr9nbFBWCIA"",""https://maps.googleapis.com/maps/api/place/photo?maxwidth=800&photo_reference=AU_ZVEFDf4MK8jGPgdTEdZYt3al5yfKFHQcjJDGfMy_TOHMykUatgGLU-0YbYeSwYt6ukvP_gXa2rVqiDGMic2rf_7_Zj0bSBs9U0-Hm6bJso-bjA1iSL3WPlsASMIAN_HNC48Whv1PUr1Z0KcBHKkkKS-dFXT50glbN0483SaglLwFZ6WFCMI6JmrMXt2NYUu2QH2xlWig-9_U-k3Ml44ZZ1h9IHlw6HvSEP_fVv8c80agDpnODwWFt0jPpV95J54_lNqpsg23z4O0aUipoOL_lLgkp6MERLVQH5qSGhCchVOBHTQ&key=AIzaSyDBeBhQkLxb3tKDr7QqOhWdZr9nbFBWCIA"",""https://maps.googleapis.com/maps/api/place/photo?maxwidth=800&photo_reference=AU_ZVEEDVlbfKO_4qskPvSSoIR5iUbg4e83My0jPqhEDN_FxeEJrHowGqUIbkVWsJ9zUm3uBaOKlDh2Eehp3vn130mu8O6NQvaEMl00qko-C5So7jjK5IV1xILLa4BrZflKQCZsluKlkt-MkWl6WY1Ic7TOklVVuNJPjWYUG5WBIZjHtDWg_h0FSk2gThmZHy-evldgC_Sp8Boban2vDK2JjeDGdD5lg3cKEQTEoeAhjxFqdXCqIieuC3XslGgvlOa-2Zg6G94FOcdhUFoml9r52oLf_A50BgzAqF_HU2qX9UvsQGp6ctEgOINsZ_UMfYgiS15i4l7JDRozEy4JImVt1rFQb2ziJ6eWbRbreAdwoiwiDEnqetAiq_9UvJzujgGBdWw9EPZl3sptll8pK0JL49WUYRQLgrGPyH20piYoNHTo&key=AIzaSyDBeBhQkLxb3tKDr7QqOhWdZr9nbFBWCIA""]","[{""author"":""Michael Patterson"",""rating"":5,""text"":""I have always trusted Sav-Mor Auto Clinic and recently when my Old vehicle was loosing gas mileage I asked if they could help. They suggested and perform an air induction cleaning. It worked! My Old (""},{""author"":""Alan Brandt"",""rating"":5,""text"":""RECOMMENDATION:\nService not needed\n\nI found Sav-Mor while searching on Google Maps with a 4.9 rating and almost 500 reviews. Very impressive.\n\nI spoke with John spoke for 37 min. regarding a PCV updat""},{""author"":""Alicia Facer"",""rating"":5,""text"":""SavMor always takes such good care of us! They keep us informed every step of the way and we really appreciate that. They have great communication and customer service. We will never take our vehicles""}]","[""Monday: 7:30 AM – 5:30 PM"",""Tuesday: 7:30 AM – 5:30 PM"",""Wednesday: 7:30 AM – 5:30 PM"",""Thursday: 7:30 AM – 5:30 PM"",""Friday: 7:30 AM – 5:30 PM"",""Saturday: Closed"",""Sunday: Closed""]",https://www.savmorauto.com/,sites/sav-mor-auto-clinic-inc.html,pending,,https://sav-mor-auto-clinic-inc.netlify.app,email_skip
Flips Car Care,"1445 S State St, Orem, UT 84097, USA",(801) 377-1333,"car repair, store",ChIJbwn2bHOaTYcRzm34TQlneZQ,4.7,239,"[""https://maps.googleapis.com/maps/api/place/photo?maxwidth=800&photo_reference=AU_ZVEEwqBa0CNsOAap1mL3VRR_tXQD8HaBcRl8iui7Gu80UfLcyRzYRS4MPj8-aCmul_2bBn0pzbwJpSeLvPh0wm2em4ynP13TCEyzhkn9GfVYDAg14LeeD3qqoEFDevGRPDgmrzgqYLQZfro6zFd2uFBqVQmVF7lBTICRF2QUE12zluTZaP0xt6Ylc23BYEQU5FKfVKk1EtBQp4DYI6k7dS0RRJOdVU1uU1Q0NrugV61h2gfmcmEY2pVY_oSI-ALOUmIt_7buvrmwVmm174_Z8RxaHQBLTinb-LbFO6Wg9JcYSMw&key=AIzaSyDBeBhQkLxb3tKDr7QqOhWdZr9nbFBWCIA"",""https://maps.googleapis.com/maps/api/place/photo?maxwidth=800&photo_reference=AU_ZVEE7-vl_ZOzuu6HFlMpaIZ4h9WmSSnmjRvBHYOULnzOK0TxN9XB3ad8VXZx326Qfd0HmzaU4rM-sc0zFaN3UhSnT_d12v99sRQ7OYAL5oeG51E0UqhTxTdsl3pOBQimBfW5xVx-bzdRs4Ft2cVlvHjiJKsfXleebCF4sg69BAbY5OoHqAIDY5_6TJbMeI6OEMvutf8PlQ8Q8whxDLgXb50gmCmhgWD8VHtNd1JzuFC1Obcs6a4oAUwgP-qsHcBzIh_zgF6acL-4YhpZ8GGAqEsnLAMebLTz_vEbPRVHKAMIZkg&key=AIzaSyDBeBhQkLxb3tKDr7QqOhWdZr9nbFBWCIA"",""https://maps.googleapis.com/maps/api/place/photo?maxwidth=800&photo_reference=AU_ZVEG1SpAUxk9eoSytv_FBNPm7BVxkBcYTS80_xWnlg4WpYVxwSHzRC8UJVI5s8ogJsNEtYtagwCBRZ1khemnfsc5SpXLPmIfRXy-GGjBsxA1bu6EigFes0De-XjOgLjQxOFG-lNqkA9DOq8b7gOrywHt2-gq8cAbc6WzRCZbfNd8-uKz21TrUNBWLM4aXlMda0_iLPvwMSqKBX0abAG0AozDEfQheLdp9SAuc4Nc9r6BT8jo_oXzGga4kp_HXQXfdibW0rtfj2eV5s9QGdC15KnGj5BMc99635xNzR2rHO33Yc_TIgFtpk4JQRlDK_LDwHgpZm3o0LWsO5KIk7Gcgq0lVR7o9b-HxZhyUHvZGkpmQEdA-zV4CdKuB66sUDwasc-QERfsx_Gu0xhy1D7HZ0YalH9D209EDy_yRkpIIdfWYlQ&key=AIzaSyDBeBhQkLxb3tKDr7QqOhWdZr9nbFBWCIA""]","[{""author"":""Jeff Bledsoe"",""rating"":5,""text"":""I drive 30 minutes and bypass many other shops to come here. Flip's shop was recommended to me by a mechanic friend. This is where he takes his car when the job is too big to be completed at home. Gre""},{""author"":""Carl Damacion"",""rating"":5,""text"":""Go to Flips even if you live in another town, it is worth the effort to go to car repair shop.  They worked on my 13 year old Honda Accord for a check engine light due to a failing catalytic converter""},{""author"":""Jessica Vaughan"",""rating"":5,""text"":""I was referred to Flip’s through Discount Tire. I am\nnew to Orem and had yet to find a good mechanic. I called, left a voicemail about my concerns for my car. They texted me within 24 hours to set an ""}]","[""Monday: 8:00 AM – 5:00 PM"",""Tuesday: 8:00 AM – 5:00 PM"",""Wednesday: 8:00 AM – 5:00 PM"",""Thursday: 8:00 AM – 5:00 PM"",""Friday: 8:00 AM – 5:00 PM"",""Saturday: Closed"",""Sunday: Closed""]",http://www.flipscarcare.com/,,,,,email_skip
"John's Heating, Cooling, and Plumbing","211 E 10th Dr #2, Mesa, AZ 85210, USA",(480) 648-0921,"general contractor, plumber",ChIJjSzR3RynK4cR7xc5OmxhKdQ,4.9,3187,"[""https://maps.googleapis.com/maps/api/place/photo?maxwidth=800&photo_reference=AU_ZVEF4gZco2oES4bA5CrSK2UqmAi8hhfdwE-xkoufcI5ir4w6G1lv187R-MMAc4nxz9ypIA6jXVaQ_ODFzlvsS1jFd5qOxFMdE0UA01nsuTDITTu8X6_KsIVzXxj-hDck2NVt-I_l3GMG5nXDUkUgazrMO-2SFe_lmkQsWoKFnyfnUie1lTvtjPYB8W5mZ_J-Z-1QY7eWFDVxNsnLW6cJXNyPn0jX4uHyt2pGvPlDJ2b4NZJ2LCNwZJCqmCLWdxOJus3ALABMmSesQHCfz2Clau7-cdy-GaQ-7NmPgc40_oEjTDNy_DqjBoV9wgWf8CFqjJKNiC5vBzCvaL7BEfEaIM3zHpTRA_ADkdVJrv9AJdZni4srECViVSXZdgd2erwqHmp87Eyq-cUFfVgfFYhk0pkmcDdq8G0HHbkeXGIX27BXUrHxE3f7AINXLrayXOANB&key=AIzaSyDBeBhQkLxb3tKDr7QqOhWdZr9nbFBWCIA"",""https://maps.googleapis.com/maps/api/place/photo?maxwidth=800&photo_reference=AU_ZVEHkzrPH6HGezJ8pA8bSGc1tNyKx7-FkxfXZ-8uCvw59NeVOodrjX82qpU5-SAiJoDYIbdkUNeuCnkhRgQCA5QQwV6au8UKqdB7roYlBy3l-Ck0u5POppUi5qoLFnK0OK91EHt161GBp4exQBdtYWNvMFw8D5hRfvh2q873wcrjhCHkb2nag201bCsEhwYBT9DnbJuwQnUNTcnO2kQ4KQ4p1PM4lfpizvLD9KhHZxkNtGzFRDfV9V4jqX8uA-PSxAVE30cLwy06sh5ccVCPPsb77CoHW9A-GjKpYM1c_UyQ&key=AIzaSyDBeBhQkLxb3tKDr7QqOhWdZr9nbFBWCIA"",""https://maps.googleapis.com/maps/api/place/photo?maxwidth=800&photo_reference=AU_ZVEEHPJfhrOPVXBi_GpPaWRl3sH8kOeqVvCZCvrYOOPuDYOdE4b7ZF4aXbsEh_YKesvFLJuqe1c6o3fJA2SQyTOJd5zU1qdmo0dLG7KF5e5f5Onnir42bX9HTRBJ9uB6boF6HvclEHrI4moilTwVvjiFkOPxc209G3AGfvMN2lPOhdXA7W1OrZdCUxVGoaqwL0luRrRDRkBspsMisePIH-Gb53vymkglh84eXasM2DOasmzLNakpKQMbZ4lnsGkXBCMOE994lj-BNKRVUjLvwyO4T_rybG6qzkEoy_pYfA9wtn2tccN2ScJagPJOuM-s1e5k1GlvjO_J3AHfwRLNBry1DLbHXCPQilUvQ_Va0R-v3V8ddbWwU-qOZPsgG4R3ckYdeNtTn6TJ1NM7jH0PqG1T8UMqRPzKZ7GG3x4h5SSgCfZiFx9_leJK1O7pXhham&key=AIzaSyDBeBhQkLxb3tKDr7QqOhWdZr9nbFBWCIA""]","[{""author"":""Madison Abel"",""rating"":5,""text"":""Our experience with John's was nothing short of incredible. Shawn did an awesome job asking the right questions and evaluating our home to get us into the right HVAC unit for us. Justin and his team m""},{""author"":""Thomas Hilditch"",""rating"":5,""text"":""Mike was very pleasant putting up with our yapping puppy. He gave us range of repair options and set us up with temporary service until replacement parts arrive. Quite pleased with the whole experienc""},{""author"":""Marlin Hull"",""rating"":5,""text"":""Absolutely the best plumber I ever had.  He noticed and fixed the problems no one else could solve. For 20 years other plumbers never could find which way my pipes were going.  Seriously.  They though""}]","[""Monday: Open 24 hours"",""Tuesday: Open 24 hours"",""Wednesday: Open 24 hours"",""Thursday: Open 24 hours"",""Friday: Open 24 hours"",""Saturday: Open 24 hours"",""Sunday: Open 24 hours""]",https://www.justcalljohns.com/?utm_source=google&utm_medium=organic&utm_campaign=gbp,sites/john-s-heating-cooling-and-plumbing.html,pending,service@justcalljohns.com,https://john-s-heating-cooling-and-plumbing.netlify.app,complete
ASAP Air Conditioning And Heating,"3653 E Main St, Mesa, AZ 85205, USA",(480) 654-2727,general contractor,ChIJdSC4A1evK4cRJDFdFuIcd4U,4.9,393,"[""https://maps.googleapis.com/maps/api/place/photo?maxwidth=800&photo_reference=AU_ZVEFYrvbumE6wcM9FOCWoMzZhBXwU9INGVs58nkN23zMikkdMc4_CEuyJltUZ3Otfec8f-zCkYs_7RgKjP8tZS_mYUcXIUbdPJS4-Xx3glBoiVWxAT71hGWPFiA1W2vnLTuPEFVnW4HUnq-mHz7vGZ4AGNTgoBJutpw0YFHQN4vAD5yVw-fycc4-riqAXVCjGwvRTrD3P6rm7foF27uZlHoZZFj_Xm-RJHVbTFT4P7MdOCzNMGpg4AY6zWNqwyK-OWl-eYB70S16pUyBbFxufTussA2xL-ER-1a2pAN9cVi_k6Mhtq68btbYyHXJH93nT6qr42_0k1xo40jR-m3_DEvBfGk1oEV30rsR2GorLBbEe6IFANyvFq_-KMZvDFRaLmHCfXSTliDc9i4Q-OM_mByw9kJAVZ3SmgLHctYa9SttNApHJcqRypmccyRqJ8yaf&key=AIzaSyDBeBhQkLxb3tKDr7QqOhWdZr9nbFBWCIA"",""https://maps.googleapis.com/maps/api/place/photo?maxwidth=800&photo_reference=AU_ZVEFHOV2xY6CsDDDmbBkq0X3pbGkstMF9msNePXLp5ZjGKYV4MtzC-M9rbgVvvcWyvd6rbg5pHrLtyeTp_Fz4uAnId9cc8eco15_Dn_wPfnPoKaMIgvNyxL75NBSx7KSazrWszRzMHjOi_WRsc6Vg3aVfoU-BrnGB6SkntoTEgEUWvLf7wX1jJIW1bGBtvUSR4zwCsybznRfeUkkQSwuNeBsRx6qvoARJjnfsIcUrNe_xOcUKDfZwDPiSOosW2hRxQGa-tMyXgutacBC_k-U0T3iChBl97f1lAmvOzi5PFNDMhmBiwq3m6cbgHwzrH21kn54himVJSviurRzjVyMhDUH2Ph2BHKvnAYt7VWXMPavIU_k7clHMcV94q2w7KPi5-FC0ijS2XNRvfIt03hBZln4_kYq5zqnvyBwiUVpsD3uymA&key=AIzaSyDBeBhQkLxb3tKDr7QqOhWdZr9nbFBWCIA"",""https://maps.googleapis.com/maps/api/place/photo?maxwidth=800&photo_reference=AU_ZVEGHwNtV7igYcPR2T8P-RZlYjwRj3wajpf3DtDmGcqeyBY_mH1SGi43g0jgSLHnLqvoC2l02LXYHBFWHqcv2o5R3uPMu7CtCPMZ682TVNrd6RXwSyEFkN8z-IrAF_0Tkum5Rvtw6qfDNOCvuZiJO84eTgmWGux3sfuUzpi4JKMrC8zAQrm4CK6CJt32CZUMUrKFWLwzV_6HMnq3KTwScjaCzm85xfNU6gl0iWtYrARNRNg8LLrdTKleSJQaKmnM_wLr46MqBsuiE46JB5ale1tzYyoq3GcFanP3B0ZKbgdsZGkqNhl_k_JhuC5eDkFQTcUXJxxogWmiqaifQhEUQbYLfz-A2fRlq4CzSmOxruD160Ib0br_zYuxADIEceyqSyLaYIMfZMnDdv7y9pOeEow2hQPyyMgoxx6yrCzDOuSk&key=AIzaSyDBeBhQkLxb3tKDr7QqOhWdZr9nbFBWCIA""]","[{""author"":""Dennis “Dac” Coleman"",""rating"":5,""text"":""Decided to replace insulation on the line from the house to outside unit. Somehow I damaged the 3/8 line …I zigged when I should have zagged 😮 5 pounds of gas dumped in no time!\nI had Semper Fi in th""},{""author"":""Kelly Waters"",""rating"":5,""text"":""I was a little nervous calling a different/ new A/C company,  but when ASAP pulled up, Travis greated us with a big hello and a smile.  He went to our A/C unit and quickly came back with,\""I've got goo""},{""author"":""Ed Berry"",""rating"":5,""text"":""ASAP's installers Ivan and Ricky installed my AC unit in under 4 hours and it was up and runnning, resulting in very little down time.  I was very impressed with their professionalism and how they tre""}]","[""Monday: Open 24 hours"",""Tuesday: Open 24 hours"",""Wednesday: Open 24 hours"",""Thursday: Open 24 hours"",""Friday: Open 24 hours"",""Saturday: Open 24 hours"",""Sunday: Open 24 hours""]",http://www.asapairconditioningandheating.com/,,,,,email_skip
Semper Fi Heating and Cooling,"1335 S Clearview Ave, Mesa, AZ 85209, USA",(480) 741-1440,"general contractor, plumber",ChIJ5Qzr7mKxK4cRBW5km2KzbFU,4.8,11956,"[""https://maps.googleapis.com/maps/api/place/photo?maxwidth=800&photo_reference=AU_ZVEE5F3AzwBjRrYYQjWIxkz9htCwTwESJAGDpy_FyGL1Yimvtqsue-R4oYO8pTPhQbitwcsGXuZbDgp4wuK8qpJxCmdgdqvXh7NVb2ZUWve3cGUCiXj6_dzuHG10ks7PSlXbKqsnkRoQzmJlnEhs_Bys25aIYUM9M8_QQQU17qRfUmOgrE_hZEHUhFixENrmjEO5c4NSyesEeriT8UAYQ976EAuCSQsVogruj_U3-cfvDvUoAYq0GUgmh5cGCchSF4HiwttdyuaaRoIreCOMBxnAf4_wlUqdO602DsERuK7xLlg&key=AIzaSyDBeBhQkLxb3tKDr7QqOhWdZr9nbFBWCIA"",""https://maps.googleapis.com/maps/api/place/photo?maxwidth=800&photo_reference=AU_ZVEGJEW7Cn-DiYVwIHI6Kz0BaabKy8tW4X2kvFvrsnUUQbul5f9mRFjUEhQJ2COooOx6oTQZFXE81PEXwoWTqk8in06nsrxGjJKKPpqXQJV2fvIFAZkZL2A2pbyOZ931l_csMrAqe5HNjJd2RxxVAC9LDCaofqiBxUQKRl5UZwWuuAO_r5knpwTDN0QzFG_2w4_OPnklDyEu9HSZiCy53IsZ2WCpG0AAm_htng6DsBig4TYPV8XZ3Yij7GgI7_QXax1-94opaE650hIj7ccHHgK79YxgdyXOolbNmtgbaAExLsg&key=AIzaSyDBeBhQkLxb3tKDr7QqOhWdZr9nbFBWCIA"",""https://maps.googleapis.com/maps/api/place/photo?maxwidth=800&photo_reference=AU_ZVEFjIopKXhzObQvlN4dHVc8ZV2Vog5nNsyL1Q4hcOcIizYYkj5qdP_BT4FNLuDHz78ZJXuPXGEokm8KO_057MtCTfhWPaW3g137mKdXW-fbIPDvGksCgaCWrP4egZhPmEbVJWAiM3zlEzYDgWv9jRof80-s3n3RE-BHaiuRxwYdQh2VrtG8rk8K9RDZT2SZNWak50ZcUoPqgOMDGREJcDkeAZrEnUGFh3B_Uc1kRMXI5I_CmvOyD9WNqwSUsdFMCB8fnol6VOBlcoKIUyyJs5D-5W5-jvbMu57usXc9yQbeCEQV1QOGxP7LxcN4cDH1fkgA3WH9Kl0F_o7GP_2bsyoDbUuaIhWcj2H33d3EpcDvcGimmxVhCOgOW_W5Ias1ghuFFyCsbNP6KTuuOy_ukjCoQBMhbHIIOnNvmr4XEgWa_J4KMtn3nNJzdNd6hog&key=AIzaSyDBeBhQkLxb3tKDr7QqOhWdZr9nbFBWCIA""]","[{""author"":""Pete Aronson"",""rating"":5,""text"":""My old unit was Forty One years old. My buddy from high school was an hvac guy and he kept it going and taught me how to work one it each time it needed service. Each morning I would open the bathroom""},{""author"":""James Jayjack"",""rating"":5,""text"":""Shopped 4 different HVAC companies for a new heat pump replacement.  Semper Fi was the most competitive and competent of them all. From start to finish they followed up with sales quote, install, and ""},{""author"":""Jon Dewar"",""rating"":5,""text"":""I can’t say enough good things about Semper Fi Heating & Cooling! From the very first interaction, their communication was second to none — absolutely fantastic. Every person I spoke with was professi""}]","[""Monday: Open 24 hours"",""Tuesday: Open 24 hours"",""Wednesday: Open 24 hours"",""Thursday: Open 24 hours"",""Friday: Open 24 hours"",""Saturday: Open 24 hours"",""Sunday: Open 24 hours""]",https://www.semperfiheatingcooling.com/?utm_source=GBPMesa,sites/semper-fi-heating-and-cooling.html,pending,customercare@semperfiheatingcooling.com,https://semper-fi-heating-and-cooling.netlify.app,complete
Arizona's Dukes of Air & Plumbing,"6938 E Parkway Norte, Mesa, AZ 85212, USA",(480) 773-6565,"electrician, general contractor",ChIJ9296hxatK4cRSxQ6GEShObw,4.9,4811,"[""https://maps.googleapis.com/maps/api/place/photo?maxwidth=800&photo_reference=AU_ZVEF4gEIUgdI5liFVFcSbBhCZAXFiw_-gFkjIcdgd7_F4UeAlYzmAsGhI-J_qHllSmb-RPx0aqk6GZoWngH93EasQudLWMlOeTPYFFua1LglSYUcSyQE08WpqpvDNYPQ10CMzZcH2D3zrY2gxZ8CyvZNk9UVMZOljfVwOWXfQxeSZS4mKqVK7hG_JlwBN9jwGeQYptnJYVbYJlVneUB2eIt32K3La2eCNTSdHFhbbBaV7dPwjEhNtfSISMhAmpMgz43tW3iNRdjsy310BLtVTQbn1kQeRtBp14Hly6C5oKosY9g&key=AIzaSyDBeBhQkLxb3tKDr7QqOhWdZr9nbFBWCIA"",""https://maps.googleapis.com/maps/api/place/photo?maxwidth=800&photo_reference=AU_ZVEEYTYzXLWl1Yqli411-WcMQoBPE602Tc_AonKqmE_FDQ3mJHuQdYrphtpyR0jCJTBGk6_njv-Y74a3u0vn4bBfGBRzGRt6_nFeNykvir5Yw3K8JkRtyFO5h0lELbrEupuBrgZtgIajk1dnz1heHNHSWdHtitPQdHv7kk5uFtX1tvr97prBYSssGENr2geS86wTD0mWzJkPZh7WpLdXKhn9O3kpF7aRVCiI9VK3IoG5kvTI2RJzEoBJUx1dFJnlaaygaZTaKksW_Nfkonkb2DW7s9NCW0uRhKw6yhXWv3Gn3DA&key=AIzaSyDBeBhQkLxb3tKDr7QqOhWdZr9nbFBWCIA"",""https://maps.googleapis.com/maps/api/place/photo?maxwidth=800&photo_reference=AU_ZVEHwcNYjnbVJpT1L-dvC7As7Iy2yf8Ty98qKDGnXUM1QPCfl1Pq3IItBAS14ZAanYxtFHcJZEmWN2g2G7ctrxUi2AnzZIWe3IkJ6UpXjnqG7X-wfNM4sdWpSuAZ0tUzDUUMN7clGFe-tV7vRsb8UdjjpX1cIli0c7uPeTTP-cMIs31zOQ_PcspabMZTQJZmdxL3112LLB8plUrIvQExzbfVjTFJNShS-kv_lGaW-cqybJHPbs8Fo5OarsGe5zIfcGicNAY4ec_lrtbYnvukj4mGfxE0RPLHTESwwC9_LUxalaQ&key=AIzaSyDBeBhQkLxb3tKDr7QqOhWdZr9nbFBWCIA""]","[{""author"":""Rachel De Souza"",""rating"":1,""text"":""We're in subrogation with our insurance with a claim against for a bad install/maintenance on our HVAC and the condensation line. They came to our home for this normal maintenance at the very start of""},{""author"":""Jay Stevens"",""rating"":5,""text"":""We've been using Dukes of Air for quite a few years. We've had repairs performed on old units, purchased new units and done maintenance. Everybody is incredible from the person who answers the phone t""},{""author"":""C W"",""rating"":1,""text"":""I had a top-of-the-line AC system installed at my house by SureTemp in 2024, which was acquired by Dukes of Air. In 2025, the poor installation was identified as the root cause of a leak, resulting in""}]","[""Monday: Open 24 hours"",""Tuesday: Open 24 hours"",""Wednesday: Open 24 hours"",""Thursday: Open 24 hours"",""Friday: Open 24 hours"",""Saturday: Open 24 hours"",""Sunday: Open 24 hours""]",https://www.serviceexperts.com/gilbert-az?&utm_campaign=listing&utm_medium=organic_search&utm_source=gmb&utm_content=brand,sites/arizona-s-dukes-of-air-plumbing.html,pending,travis.arnesen@serviceexperts.com,https://arizona-s-dukes-of-air-plumbing.netlify.app,complete
"Air Care Cooling, Heating and Plumbing","1815 W 1st Ave #137, Mesa, AZ 85202, USA",(480) 238-2273,"general contractor, plumber",ChIJ37WfsHepK4cRdaoGyVhqGXw,4.8,709,"[""https://maps.googleapis.com/maps/api/place/photo?maxwidth=800&photo_reference=AU_ZVEHFdtimseggtM-OVJ-ngSAcgCLPeJivhaung6RCj-bYv-tLCG9xGNQbu4zMcRWJO2otOCjUtRZfn_KxmVOBf-aUTHO76NYEIxqxb6-84DJ_LDqWYlWRiKfLcb_tvfm8IWTNxNSVgFaFUoLGY3OwkwyZX6RUkWgFiyb4Zvtyr0kTHESVbxoiOHXpjK2lm_kSeE43CArilSxDm-KRMUXya5wU_nbGzJ0LFdGyYwsZq8rd3SQkQXPrrWkBBRnbaIzu1sjtaT5COVh_ltAQyncJArXJcRAwA54F2lIQKND4oRiSsA&key=AIzaSyDBeBhQkLxb3tKDr7QqOhWdZr9nbFBWCIA"",""https://maps.googleapis.com/maps/api/place/photo?maxwidth=800&photo_reference=AU_ZVEESSMew61J_JDvv1JbPAUK9ewyHiQ2dwyz6mX9pkdz9wv6mmx8K8RthUXGIlvHMwNJn8cCGIRFptn4Esxd4j2RqFD_8DHTY_Joa_Hm1MFhVsFnXdGUW4rd-RBfJS_fFlToQ9oGA3bLtUDkr_K86CDJyqq0f6Az10NR21Y-8ziwkbzXqc8gTH16je6DsrISm26NB0-8Zx_2NgNAHua1udCwD_272y-7ucHrBi1owbk4D5YQTVAMYtyQvtidnoKWQyscCrx-JeV3Y6SIZ8wHSvkY3QvtToL6emd3ff_5xBYuIYA&key=AIzaSyDBeBhQkLxb3tKDr7QqOhWdZr9nbFBWCIA"",""https://maps.googleapis.com/maps/api/place/photo?maxwidth=800&photo_reference=AU_ZVEE9pyMfzl1ttsS4xB0Lt9niJ94noKxd0J_4hijHTFxo5SiL8uPzfONoI5zjPiTrazB8S588tzPnNgx_FQRT77ArNEF0DN7zNNbvKvfaN1CGi6wXP7WxjjqJPjKS2rLRvR5KldrlEsq1dWGpt_nBgd38LH-Y_bVQ7VRcN_Qcp3sVPNjaF0uGnq_cYX4Vexv-JaZo2xXRKSWa-4woCS3PHXowrdgtZxZEgVnJ14-vcwAVcluT36e5GSWQ7clmAahr5tR5VhEr4-uTPEhIv0vYpIjOAQVrEE2Fequz8zDF0b-jtQS66RNVEnQmoJhD8s9oyQ_yXPQ9O9UGGM1nkghkyD3bcYwMXBIotfu6bgqiLkHou5ZgjWw2qu8ayIhKSKr86F-jDul1qa4w8ZAKwApNk2cCkCaAtlgrVh5zL8qMDN0wvw&key=AIzaSyDBeBhQkLxb3tKDr7QqOhWdZr9nbFBWCIA""]","[{""author"":""Fiona Robison"",""rating"":5,""text"":""Chris was very professional in coming to check on the state of my air-conditioning and furnace. He was timely and communicative. He respected my home by being careful to wear proper attire and brought""},{""author"":""Guero D"",""rating"":5,""text"":""My A/C service guy was great, he explained everything he did and in what condition my parts were in. Very honest person, didn’t try to sell me anything but explained what could be done to have my syst""},{""author"":""Timothy Zimmerman"",""rating"":5,""text"":""Robert was professional and thorough. He was also friendly and was respectful of my husband healing from surgery.\nSally in the office is always friendly and helpful. The technicians recognize her valu""}]","[""Monday: Open 24 hours"",""Tuesday: Open 24 hours"",""Wednesday: Open 24 hours"",""Thursday: Open 24 hours"",""Friday: Open 24 hours"",""Saturday: Open 24 hours"",""Sunday: Open 24 hours""]",https://aircareaz.com/?utm_source=local&utm_medium=organic&utm_campaign=gbp,sites/air-care-cooling-heating-and-plumbing.html,pending,info@aircareaz.com,https://air-care-cooling-heating-and-plumbing.netlify.app,complete
Comfort Experts,"1610 N Rosemont STE 113, Mesa, AZ 85205, USA",(480) 351-5672,general contractor,ChIJIXuwbKGlK4cROrNZEUAdi2Q,4.9,473,"[""https://maps.googleapis.com/maps/api/place/photo?maxwidth=800&photo_reference=AU_ZVEG8_TgmUjRXko7g9j4Ao40ue1aaEGQj5k0McEsUU47euY8qFW9j-U8-1apZUI10sMpk1MclJ_D3x2y-xESAwKZo1axtlC4flR4RP76Gc6O88jNiN0BRUE3CUVGDkeJQHBfQ_ECZ1ft4kInsRX78pJTFbjzDD3cKmsii63En0K1J8woIzWqVW6iviTO95o3SmwNQAdJZzhJpZQKpDN100FGILTKIwZZlnBqkslNlo5VNWPeKjNjHbPVWN0yyTB-7TY_z6T98nUjNqxxVJFBQiL5d0tIgbQSsIe-oHjNqHD0snA&key=AIzaSyDBeBhQkLxb3tKDr7QqOhWdZr9nbFBWCIA"",""https://maps.googleapis.com/maps/api/place/photo?maxwidth=800&photo_reference=AU_ZVEHy5qdXSOzWSOXwdjiEdD98TOb-q6r5X-XTCrL5YYg4ZA0CUf2nwHhO03XFKz3B8AzoO0hhR2TS9Cp4ucAwlcObMwI2cE1UUtcK_BdTMUsGM1lbNeYFnpLfBIDXyYZWB3wejBavd34h8Ty6dGHoe741Vw60Li0Gvtg7A0v7HP9TRUPzD8LtOIACrIAmmV4mqqX6tVLCE7TsqdafjyDPFPnSuHAgkfqv8gGICLNAtK3ItVyNFW6EgpvGipx4pzjINazIecKI6707as03hpj0o1GsxSlpuKY4glOlWncSMHxGmw&key=AIzaSyDBeBhQkLxb3tKDr7QqOhWdZr9nbFBWCIA"",""https://maps.googleapis.com/maps/api/place/photo?maxwidth=800&photo_reference=AU_ZVEFSRVZZ3ofrrrUUnKlP25sq5-7Ia566QL319gmcBjlYm8z9mSjWBd6W9beZ3qQ_TdHtUzKITyRbOA8LGBOOia2CZ8cc_7cblFet9uuNuu5NPvXBG421zPcGN2pZdUbSFYRak0sZnT6ec9SpyLMG8hXEw47KHW3jGz0vaKeODQ13ttRcwEqinSJEk-0fyoC3i9o5TsKtEKbB-3k1-I2ZIB9m5f7SaKCqN1bNskydnLJjf5Ci7x_1SalL65fLxg7niRESCJjKqSqLWh7DQlcbu8FsSFy_rDLm42OzWKuQsBenlA&key=AIzaSyDBeBhQkLxb3tKDr7QqOhWdZr9nbFBWCIA""]","[{""author"":""andrea maunder"",""rating"":5,""text"":""Nathaniel massa and Zachary walker. Two days in a row, I had Comfort guys out for inspections. Central air & heat, and plumbing. Many thanks to both for Explaining things so I can make better decision""},{""author"":""Lauren Bhullar"",""rating"":5,""text"":""Comfort Experts did an excellent job repairing our HVAC system. We had no heat from either of our systems during this cold snap and they came out same day! Bailey was our technician, and he was truly ""},{""author"":""Jon Hanlon"",""rating"":5,""text"":""I called Comfort Experts today for a second opinion on an HVAC system repair and was extremely happy with how responsive and professional the team was in quickly getting a technician to evaluate the s""}]","[""Monday: Open 24 hours"",""Tuesday: Open 24 hours"",""Wednesday: Open 24 hours"",""Thursday: Open 24 hours"",""Friday: Open 24 hours"",""Saturday: Open 24 hours"",""Sunday: Open 24 hours""]",https://azcomfortexperts.com/?utm_campaign=gmb&utm_medium=referral,sites/comfort-experts.html,pending,ryan@azcomfortexperts.com,https://comfort-experts.netlify.app,complete
Rusty's Air Conditioning And Heating,"7509 E Southern Ave STE 108, Mesa, AZ 85209, USA",(480) 631-4244,"general contractor, store",ChIJV8HL6HazK4cRMuT0o7HSO5c,4.9,556,"[""https://maps.googleapis.com/maps/api/place/photo?maxwidth=800&photo_reference=AU_ZVEEIzjaY46FEjIkncun4bqxkHOfho1VMXVScGkWl6AI7iosUu4SfgL_AfYYHK39kZSO3oOQU72bm9WSI33uF1utvQwFNcx7rZ9GRpEcVO5Ji_CHtHis_zI-rXjilFsFCnvHrlus-MlT2bM5H1_Qf7idszy4qakqW8dy9EXt--fOVMi8eV1a-Yf4B5Dgk8rCshA1F73abR0nSDdh1uK8t2swYPQC1EFGsGQ5dV_mRDfeDgme7_g5Gqbvqu_CG6Dv4HU2QG3-QfJ9HBZ-sNXqTIYAh-2nFYgHAdflhgXHBGgR4Ag&key=AIzaSyDBeBhQkLxb3tKDr7QqOhWdZr9nbFBWCIA"",""https://maps.googleapis.com/maps/api/place/photo?maxwidth=800&photo_reference=AU_ZVEG_4jYUft5VbZOyGOawZ7DI8jm2_4ytmGsC3_oW_pL8s2Flai2OcXAEWrckgZEx2urXLCrOeYPqRuf5jCgPi1bGU50DSX4VrBBP-caxXRha760Ngm5pk97wJfNlfy9H7zz6gcl4CKve7-lNqPol7R33F-r6EkFLYQmklWinGxWnW4CGahq44rOzR7TZTnH9fBH3vvugCX9nInMEqsYU9PnxFWPUYy-8aFa6eohQ0FA0hmcol-nMnMW8u24GoEECfBHbzItF9hegX9LQPC5yDoBSup2XZivB99lFy8S7OVNATw&key=AIzaSyDBeBhQkLxb3tKDr7QqOhWdZr9nbFBWCIA"",""https://maps.googleapis.com/maps/api/place/photo?maxwidth=800&photo_reference=AU_ZVEFvlL6fXnic1IBrtf_ItsVUoVe3saAevbo7310TIq6UhJ_QmA3XGIb-1iO8jOjYplmKs4z8JChLZbDN5ZKRcs47QbzdhC6iS_GCd56nrV_DFCzOqPXf7GPmkNm_TCDkY9mqReArTBPqSC8g7LzkLP1CFFMA_-GUvrBzUholAuPLbbEIRpPotXfdlPqlFa9zTsQKCqsu1FIK1iqOnQzBgSSrUYaMZ5pQInrOZXFdZmz1U6FjcBEuUNbZjcEBFqRth-BhEfjmFnfj5w07B8qOOhQODA-TDDU6hVUH_i0lHcYqBg&key=AIzaSyDBeBhQkLxb3tKDr7QqOhWdZr9nbFBWCIA""]","[{""author"":""Lloyd Mason"",""rating"":5,""text"":""I had Dean and Richard two of Rusty’s techs come out about a week ago to give a quote. I received 4 quotes from 4 different hvac contractors. Rusty’s had the best price and oddly enough had the most w""},{""author"":""vanessa ventura"",""rating"":5,""text"":""We had a new AC system installed by Rusty’s Air Conditioning & Heating and couldn’t be happier. What really stood out is that they’re a local company—you can feel the difference compared to larger HVA""},{""author"":""Necia K"",""rating"":5,""text"":""Rusty’s Air Conditioning & Heating just installed our new high-efficiency system, and the experience was outstanding from start to finish.\n\nThe team was professional, knowledgeable, and took the time ""}]","[""Monday: 6:00 AM – 10:00 PM"",""Tuesday: 6:00 AM – 10:00 PM"",""Wednesday: 6:00 AM – 10:00 PM"",""Thursday: 6:00 AM – 10:00 PM"",""Friday: 6:00 AM – 10:00 PM"",""Saturday: 6:00 AM – 10:00 PM"",""Sunday: 6:00 AM – 10:00 PM""]",https://rustysairaz.com/?utm_source=GMBListing&utm_medium=referral,sites/rusty-s-air-conditioning-and-heating.html,pending,info@rustysairaz.com,https://rusty-s-air-conditioning-and-heating.netlify.app,complete
Parker & Sons,"3636 E Anne St A, Phoenix, AZ 85040, USA",(602) 424-9619,"electrician, general contractor",ChIJh9Zo0KoPK4cRzTwhKAxIE8s,4.7,32897,"[""https://maps.googleapis.com/maps/api/place/photo?maxwidth=800&photo_reference=AU_ZVEHOSjltdpYe8PM_7QbIrsvf-is6JR5kcrP9am9woyoze5q8bpUt-0a0ldyD6R1Se0sIUgSpvkVTcgq-cwuW83XvGudk2BqZcx-UPnJargokTy6y_W-15264ffHch1rUeJJWeGwvhrmIcj4Q_B29CIG_o5wVlO6_MYvBJELD1D2re4ytEmORSSS7PI3a5G1ovCinlqoxaTie4bSfC0osxHpdgl7yLQltK9VjFLwxwr8dtLEgqB0yxeSNBksM9Cj5Bq239Q__W6t97bzOo1mj0BL_ZnOLKYELcHYmBoc18eptNQ&key=AIzaSyDBeBhQkLxb3tKDr7QqOhWdZr9nbFBWCIA"",""https://maps.googleapis.com/maps/api/place/photo?maxwidth=800&photo_reference=AU_ZVEFgOpRTB-PX48Ts8Ry_1ptQ7OQuV3me_ju8qSIsB450OcbzQ9rWbdjzFAuzFZFCRy1NORG-n5rQvGFqMERI09zcNiLEEYFlfqYP1ZpyV7lL6jyG-bNzCUPIeZD4j5NeES40Xp4vwyrBuTF1ur5k9Vw8KHeyAM4WZQd-gqkyx_0B7uyQfVBBPGqoXVOWK_yogaxYtAbUSgnQDHfUANUrSpX1fAY92AHmj0mQ8XzkFGzs3AK9LSGPYee2B3BOV0WBk_tdrZAgnJzOSreKqZ5ykEjs5QNWN7r_QXiJpEeWNjhL535l22nQuP08tCoWtAPuB9pz7gKIFaMoYmdynBlWPux2h8hmmQLUaVejLbGQkNdZtYOx17QDFVB-ny5Yn099_NWRSn1phryPSmc4KSeR94cDsR7ee4XorHa70nm0ZjCG3tzmF9k8-qYzSKYRIe4h&key=AIzaSyDBeBhQkLxb3tKDr7QqOhWdZr9nbFBWCIA"",""https://maps.googleapis.com/maps/api/place/photo?maxwidth=800&photo_reference=AU_ZVEFef8THpkotvdR1_wFSwkXWpQVXDDTJmCn0pADgzvQbpISZ78p-Vmd_QR6bXCu51d40XvinBViYGyd2Gquz_n5arTQXutaqJsxHSo9GZVBoUKywVTqsymGu55IBqmvrWU81BBd8v3-ufGmiFMKKcLUKdNhG0_pcTrUlfhMTYF-Gy2elG6-UIoSX_vRInyzosoRuW_9URbKeN_d7xIUqUrnxmxFRHodJViQFPQMrHC5zZbs4hQPl_Y3lC4OLLGDp8Y8jxcV5SLed8XsKpEgraKXxCSvjICCo8HMlGLZhFjz1E7yMwru9PpIL3qpRdVyY3t2OvrYgmT0n8evVOKTo7WFEBy2ctO6Xo5TYlUxco2VNjNknH96BxI90WqlhkN70gnoy8adymzDwwgZmpXmPXaCrD8upK0L-92whxTWbPMgv8ItONAGkJihX1SgAIfzR&key=AIzaSyDBeBhQkLxb3tKDr7QqOhWdZr9nbFBWCIA""]","[{""author"":""Gwynne Sullivan"",""rating"":5,""text"":""Absolutely fantastic experience with these folks. Truly they are a professional team. We had a water softener installed, and then an RO system in the kitchen, with an added-on alkalizer to remineraliz""},{""author"":""GENESIS EVE HOUSE"",""rating"":5,""text"":""Dave at Parker & Sons was AMAZING!! we had several mom and Pop plumbers. Come out to tell us what was wrong and charges for different jobs and still the job did not get fixed. When contacting Parker &""},{""author"":""Kevin Rimel"",""rating"":5,""text"":""We purchased the whole house water Filter with soft water and RO for our kitchen at the same time I purchased a second RO for a future kitchen for my mother, which is now complete today they came out ""}]","[""Monday: Open 24 hours"",""Tuesday: Open 24 hours"",""Wednesday: Open 24 hours"",""Thursday: Open 24 hours"",""Friday: Open 24 hours"",""Saturday: Open 24 hours"",""Sunday: Open 24 hours""]",https://www.parkerandsons.com/?utm_campaign=gmb_pk-phx_home_cus-all_googlebusinessprofile&utm_medium=gmb&utm_source=google,sites/parker-sons.html,pending,hdunchus@parkerandsons.com,https://parker-sons.netlify.app,complete
Rainforest Plumbing & Air,"1837 N Rosemont, Mesa, AZ 85205, USA",(480) 359-4513,"general contractor, plumber",ChIJNdA9eQ4EK4cRzhrdXWWNweU,4.8,2392,"[""https://maps.googleapis.com/maps/api/place/photo?maxwidth=800&photo_reference=AU_ZVEH-v5P6q8fgCLm0HFUicQtx-tka74qowFY9qjfgw6_aFBL4PnhG3YDh1Bw-kQuHwrET4OiGyCn3VaisglsLMnKtnlz8P6mOL9VlMrBMr7z57hWp7yCEIsXmmO6sCtgpaVc2k6xdOUurbq9966VsFIpfubG2RMaNXtGARHVEOBBIBptv-MFKS_SHRD2M9V70sr6l8UEWZ5HWP1kl2NIavJz-0_zjHUKlUlHGxKfmk16v3_QJaGhQcGk1_HqwPr1PZOobK34nOXrEPY4kxV_hdAZlXI1QervJ0u5-TzHBHox7rQ&key=AIzaSyDBeBhQkLxb3tKDr7QqOhWdZr9nbFBWCIA"",""https://maps.googleapis.com/maps/api/place/photo?maxwidth=800&photo_reference=AU_ZVEFUGMUv3VdxQf3lcaJ3gev8AKzdXGroCt3RQ_MoXLD0e2HHPDYAqnNzN7fpz4ozHsJlG-pMgGWh90DfzNbn9pkWZVEyblB7wR6MYCX81gJUftHoNkFcEwd-rPY4To6sgloVjeYV56asRbt09yBane8EOZ3dp4nMAxNb6FrZGUZVhWRWs7oOuJUDAXXJdXP6J8nKvIRZF5eH3KDDziFlOvx2CKY4LvRpKfwMKKBVOvw4EKtTsMNouBfAkvC6VzFntQlyIJP9KZuZAJSw1QBQ_a3UeO_pbWVwmfT5L8iOAmlLN-WeqQh3SPoHhcVH9ihQHbdEfG_QXz7-9a8j46uIum2TVApRr23nszKtDGobOL4UQ2NdzijMsctAClCSPhS0BGTAOXrhxpGb72ekODIJFTRR62xmGvkt4GxSEhOZy5rU_g&key=AIzaSyDBeBhQkLxb3tKDr7QqOhWdZr9nbFBWCIA"",""https://maps.googleapis.com/maps/api/place/photo?maxwidth=800&photo_reference=AU_ZVEEVfVcs0svIOFwoHfKkj_RJEIgFNam-wIBCeoAfCFfqfX2rYqHJcRcgQoqYUT2qsnC8t2D-CsEHawjQjd9ccGGcPYaJvSrHRO9PHCinTsKncx7kyLftxy_XS46YHMrQDxeCMq_NkLNkZUVWE4LczNATIzw1bJJ_rKeJZ_JUW8F6R9bkHIez6ERN1jHqMzN4M4HPvb_RczWhvUwHqK4JECFNFQYFOLw1K3ZwLJqEFqj-ClhAh0gNEWn0yD5phJ_E766h2sv2KTeBiTXLWLGR56vlaxT8U-48QAJk_Y61BErATg&key=AIzaSyDBeBhQkLxb3tKDr7QqOhWdZr9nbFBWCIA""]","[{""author"":""Chelby Hunt"",""rating"":5,""text"":""Had a great experience with this company. Our tech was Carson. He was so professional and polite! They worked quickly and cleaned up afterwards which was so nice because there was a big mess from the ""},{""author"":""Katie Cambra"",""rating"":5,""text"":""I live in and apartment complex, so my plumbing repairs were arranged and paid for by the complex, so I cannot speak to their pricing.\n\nHowever, I can speak to the incredible, respectful, and knowledg""},{""author"":""Alexandria Gudiel"",""rating"":5,""text"":""Peter came in to unclog our sinks and did an amazing job from start to finish. He was extremely informative and took the time to explain exactly what was going on, which I really appreciated. He worke""}]","[""Monday: Open 24 hours"",""Tuesday: Open 24 hours"",""Wednesday: Open 24 hours"",""Thursday: Open 24 hours"",""Friday: Open 24 hours"",""Saturday: Open 24 hours"",""Sunday: Open 24 hours""]",https://rainforestplumbingandair.com/air-conditioning/ac-repair-in-phoenix-az/,,,,,email_skip
Norris Air,"3841 E Main St, Mesa, AZ 85205, USA",(480) 780-2315,general contractor,ChIJ7VHW6LCvK4cRmZKMmRcBolw,4.7,180,"[""https://maps.googleapis.com/maps/api/place/photo?maxwidth=800&photo_reference=AU_ZVEHwe-vs5pQN8iQdByrQFZAjW6O6Y1k2Le1oRg9_KnRx1IL6sjRPd862t3vbZeP_ALfux5xDCnggI7JLYIVfmTEPJyJbk810zTKg9VGEFTqv0Han3DW4rslw3F75S1DdlSdNZnU_kF6nT70FCW8OMInMwtH92aG-lkNsjlMkFA2iOvSz30wUcA2bOaorN_aNr1b0BNyAWObS4UY1VLyYf7pQ1iKaaV6bDUQ8C5R416gpeB-4JnzwrUKNLOZyJw0L-k0voJOrNkAypfEH3CslGIYJOpW5zZxGnNivlI4qLePW4A&key=AIzaSyDBeBhQkLxb3tKDr7QqOhWdZr9nbFBWCIA"",""https://maps.googleapis.com/maps/api/place/photo?maxwidth=800&photo_reference=AU_ZVEF_R94lfqn0kXE3wh9dEvg38v1Jy08-XqAv4D85zROa5Hz5S6NvFl54wn0FXQJyNPqDhNC0_NivwhwN13ZHHgGfC84Zv9IfZWQRpVEBT0PrbioM2jj8nT9acENvw4QmTJ41UA1DqMmJZoZtpu-6auvTtRlj1cBWsl7Pq8sG_V9meyCPYMn5Wn_FJM_9eyWApUhde-40r3MW0ua7akLiEnh37z7Wlz7wbHdeWXRZOGzmqqEE4JCHudPrSO3sjseS7gtUAILVMdXCDVLEpaG7wYqjDyG0unjNwemIBBjfC_gw-A&key=AIzaSyDBeBhQkLxb3tKDr7QqOhWdZr9nbFBWCIA"",""https://maps.googleapis.com/maps/api/place/photo?maxwidth=800&photo_reference=AU_ZVEE1CpWdv4jupS3Erh3ojmHZJLB2trpcCQ8Vq6YewOUWsH3xSZQmz-jaGiFdUZZXx-Q8ME659kbMuEENQj0mR2VDlSmmunST_fItxt1uk_HkZGW60vTVFeOc79_Kq7jUUWax1ehCoHqYQ-VnaKrPQE118n6o_adxzxRFlVs4bW76egoA6p86o6skNPFnK-NiMhFn7PBcqaK03lZnzB2bsPOY2Zyc6lj2DE4eo2Xp8t7w7ONDY7bx-xXxB8qr1qPYEDgKZd0MEYgy8J3-2LFyRN0i889E7tUSEsSfKt4AV2GG7w&key=AIzaSyDBeBhQkLxb3tKDr7QqOhWdZr9nbFBWCIA""]","[{""author"":""Karen Chesnut"",""rating"":5,""text"":""There is a very good reason I have trusted Norris Air to service my HVAC equipment….they are the best.  I have never had a bad experience nor felt that I was not respected.  Thanks to Darien especiall""},{""author"":""Ken Schumacher"",""rating"":1,""text"":""Very disappointed in the service from this company.  The heat kit was not working on our HVAC unit.  A technician from Norris Air came to take a look.  After a brief diagnosis, he stated that he would""},{""author"":""Jean French"",""rating"":5,""text"":""Dan is always professional and courteous...goes over everything in terms that we understand.   He never tries to \""up-sell\"" us anything.  If we need somethng he will tell us...we truly appreciate his h""}]","[""Monday: 7:00 AM – 9:00 PM"",""Tuesday: 7:00 AM – 9:00 PM"",""Wednesday: 7:00 AM – 9:00 PM"",""Thursday: 7:00 AM – 9:00 PM"",""Friday: 7:00 AM – 9:00 PM"",""Saturday: 7:00 AM – 9:00 PM"",""Sunday: 7:00 AM – 9:00 PM""]",https://www.norrisair.com/,sites/norris-air.html,pending,norrisair@norrisairinc.com,https://norris-air.netlify.app,complete
Hansen Family Plumbing & Air,"535 W Iron Ave #104, Mesa, AZ 85210, USA",(602) 805-4836,"general contractor, plumber",ChIJbTe8jCkHK4cR70K7PKKg1u8,4.9,1384,"[""https://maps.googleapis.com/maps/api/place/photo?maxwidth=800&photo_reference=AU_ZVEH3tn544wXSsOHE2-tRi-rp5Lb0YuQ4A9SNCIuILl87ZxOR7W6l6HCLumyRVY5ZVjGVrGtAz5mpVoBbu-F1_t2U6tBYKl6WL9iyZRwBG-qcvOu0KPCcMNy8D0JbUqXh4xLCxK2bQ4QeC6wedGcQ3CTg20NExCZ0Ei6QyxwnTNrz_pTwJuMRBpsyjYdnQkM1pBxJjwwSSwc_9Q463hQ1UU1IrLJh-uoexKtHuTyfZrdZ87MAis2gsqLuxMSR3z6uaamL_N6PRrpTImPEMFGJcxiMXUYB4dyxmvqdGEpF6LNPzg&key=AIzaSyDBeBhQkLxb3tKDr7QqOhWdZr9nbFBWCIA"",""https://maps.googleapis.com/maps/api/place/photo?maxwidth=800&photo_reference=AU_ZVEF5IJbwWCsPsR5TiToOU2pf1izhBf053G2f7fSxr1sR_odvEqpCqeFZLlrYbBknmbmavHFecc1rUh2cxi_6GcUQsHjbeDggm5SDBz6rQ0y8uFywAQC9G0f0IdJZyE2XeFGuNva9msV1uvc1_xDk5nXIyDU6xBcxb93IzOcDjGJ3ZSHRwsXPt0Ws6a08ZIkyNW0-xx3nE60UHLNAmej3MqJs5L0DCyO1z4SruJTYAl35uDFdMhwq5gnxXt0H3-lS-CG-0R4enNJsFsi7UgN5C83Z7gZjY6wU6mqNGEd7Iobzmw&key=AIzaSyDBeBhQkLxb3tKDr7QqOhWdZr9nbFBWCIA"",""https://maps.googleapis.com/maps/api/place/photo?maxwidth=800&photo_reference=AU_ZVEElB8ehVNtBWRjNcWBFTaL4OdyyVzV4FxeviwVqoqdo1l7BjWa6edy0te9YVJAfK_Ns8mA8XHLL2VxbC2HPh8giCPQrAJeuDkRYxCZFYdz2hDEeaJV0_0x4SMPNRINAsuK_AVAIvn4aHZo-ZJr2f3eWhC2c6r-nnWztEIy0FLlCAMhI-GvxCxMlV_eAkn6Koke8FjH8wsw84Crbd0fZ7W-uV5ShZNijBYFmcKxSv9DB3LF6tNesesrfumcFtQYqCR5aR4514SGStJH57xgk-V0IYllOgkWTLE3Z4FGzSOO6Lg&key=AIzaSyDBeBhQkLxb3tKDr7QqOhWdZr9nbFBWCIA""]","[{""author"":""Stacy Brandenburg"",""rating"":5,""text"":""Dick and his team did great work.  They showed up quickly, assessed and resolved our problem professionally and without delay.  Their price was very reasonable.  Great team there, will have them back ""},{""author"":""Travis Holland"",""rating"":5,""text"":""I was looking for a reputable HVAC company and I found it with Hansen. Austin is fairly new to AZ and the company but he is an asset to this organization. His knowledge and professionalism makes me fo""},{""author"":""Emma LeComte"",""rating"":5,""text"":""The first time you have to call a plumber for yourself can be intimidating. You don’t just want your problem fixed, you want it explained. You want to feel like the person helping you took the time to""}]","[""Monday: 7:30 AM – 9:00 PM"",""Tuesday: 7:30 AM – 9:00 PM"",""Wednesday: 7:30 AM – 9:00 PM"",""Thursday: 7:30 AM – 9:00 PM"",""Friday: 7:30 AM – 9:00 PM"",""Saturday: 8:00 AM – 4:00 PM"",""Sunday: 8:00 AM – 4:00 PM""]",https://hansenfamilyplumbing.com/?utm_source=google_my_business,sites/hansen-family-plumbing-air.html,pending,erik@hansenfamilyplumbing.com,https://hansen-family-plumbing-air.netlify.app,complete
AirTime Cooling and Heating,"1540 S Gilbert Rd, Mesa, AZ 85204, USA",(480) 637-2799,"general contractor, plumber",ChIJD6wwOUWqK4cRnQyR6SDncng,4.9,1627,"[""https://maps.googleapis.com/maps/api/place/photo?maxwidth=800&photo_reference=AU_ZVEFShJLQuEUEi2AYgyn7zlEmH-CUNgBS8Nw0YXAMaguOKyAMU499wU59AYAo65tqM2LVW07ZQ9t-elzGt4RB4GDxVMo5q7-A9VOj0KIUHGCu84SnMcAgiBvwyaClG4WZ8fta5diAXRy-kFoFnGe_nuTWTB5PWkO9xDIdue-uouKo1ylu6If7MOtKYagp7AW9C2HXGKn9TsBAD-owfnJODUDlyxyD9NYeHGZGmT2JFmK2J3yeQf0kOhbAymouTfGKUn6D-QXgDANKYwMc9Qgjt-J0AT1JdsKsnBstbORiV18D-Q&key=AIzaSyDBeBhQkLxb3tKDr7QqOhWdZr9nbFBWCIA"",""https://maps.googleapis.com/maps/api/place/photo?maxwidth=800&photo_reference=AU_ZVEGKBQo7Um7RARznEbxnVtlcJNNmMFf6d5ZDvKaVEOXHrbiNxGsYn7mnQ5f_w8pebe4KXpM2a97MWbCBeVAOPDtOdXlbGoVnvpP9t1L36rqNDTKsbe0_TJYipMw-vDUaGFxKlBsq-JSCmRxE_m-d83cmQmQZouxyRKKa3XAPST5u67k0QXk-aVV7rTw0qtyvm-d0_Sdvst3XMwJHgRrxCvSH2WbbmXbJmcH6zNyHdT5u_BQXbCEWMBT38-MyvbYvAaSEkrFdhDcvk8OfrKahhXApM033zm0IO7olDCSBVOpOHA&key=AIzaSyDBeBhQkLxb3tKDr7QqOhWdZr9nbFBWCIA"",""https://maps.googleapis.com/maps/api/place/photo?maxwidth=800&photo_reference=AU_ZVEFpP8IRXalwO-QTUPq8Et4tVrwukcHscbM8kwWezCIfikVUdxUk3ikHK-tpf38Ao7VHSmBz-cNl8nIWrCHJMRPZJGiVkrRP0R-21NBeN8xuFe_kDEhwt-52S7Vvdha5-SCfOzrXTrSDqNiVChC8JsS_z4D_TV4J7TJtPII_UTx3_fVh1H2MiAPSrbAyVe0t3BfH9BrcqPVi6gJlzNsm_XmdG4VTK3br_0wS9eoHS2uRLClj-Zvmb1yNhps22beA2D8uj-YfydnZVSjnKeEQU0nk3uv73g9R7pGCPAHkiIppmwjuhoQDTQkP9OTketatMOPH1EHK6ZqssEz2GF7fZolGBLZQ_m7Tmnk_2WLCCIrJMav5d6URjVHXvRMAu6XjHhOOIyKJcSaW_275FAtNVZBY3pf3ZrJnXEk_QdIrUhR3WA&key=AIzaSyDBeBhQkLxb3tKDr7QqOhWdZr9nbFBWCIA""]","[{""author"":""Randy Zeien"",""rating"":5,""text"":""Got 5 quotes to replace 5 ton Heat Pump on 2 story house.  Talked to John on the new unit specs, warranties, install practices/time frame, how long company in business, as well as BBB, ROC and company""},{""author"":""Emilee Mankins"",""rating"":5,""text"":""5 stars for Garrett at Air Time! He serviced my furnace and helped troubleshoot my thermostat, but what really stood out was how thorough, patient, and informative he was. He arrived right on time and""},{""author"":""Tarique Islam"",""rating"":5,""text"":""AC Repair Service:\nJacob was excellent. He knew all about the system he was called in for. He was also very honest and frank. He gave me great advice on not to try repair a Split system AC, but to rep""}]","[""Monday: 7:00 AM – 7:00 PM"",""Tuesday: 7:00 AM – 7:00 PM"",""Wednesday: 7:00 AM – 7:00 PM"",""Thursday: 7:00 AM – 7:00 PM"",""Friday: 7:00 AM – 7:00 PM"",""Saturday: 7:00 AM – 7:00 PM"",""Sunday: 7:00 AM – 7:00 PM""]",https://airtimeaz.com/?utm_source=google&utm_medium=organic&utm_campaign=gbp_mesa,,,,,email_skip
PlumbSmart Plumbing Heating and Air,"3010 E Main St Building 1, Mesa, AZ 85213, USA",(480) 654-8865,"general contractor, plumber",ChIJCfzUUPWnK4cR9R9dusGzENA,4.9,3273,"[""https://maps.googleapis.com/maps/api/place/photo?maxwidth=800&photo_reference=AU_ZVEESQzWNhkbAOqKT87ciru6w-863pVlUKYXpS5-YbIIagUHSHuHZ3-8J2o6bP7WEQotmkJC9oOPSIridMPqoBti5y2ojjhKzA7QjNqS8bZ4njKvP1-3ckpEpun6XX7ljP-okTbry0WSYArciQ1mqP0CkvwGiCXXTDwjmJcXsb2mjV1BHtUNpiDwclqJi52Uu1vUV1VYZ2jsndcH6O92kHSZWfphxJu-Wo0qox7BERVXSarp1qd0pOdVa50sqoT_LEyFYXF68rGwcopGlX2Vsy1wyYlfcRzXciV-Vn_yzoAFfjg&key=AIzaSyDBeBhQkLxb3tKDr7QqOhWdZr9nbFBWCIA"",""https://maps.googleapis.com/maps/api/place/photo?maxwidth=800&photo_reference=AU_ZVEGCebHtAb2LRG7sP6Yru3WSnqazRC7_cvf-mg7Xlzlz9DfjSOb8i4W65mLKXWje68i-JuqcnIVboo5B5CCmGTTwZRmpt0CGs8HRxFkKeZckIpo1WH3SA_r5gQEmZOdGf6xfmCJv9un4LGuLlTZsTrvsZPjht0P7tG1Ns-kJZfYNlELY8giBOckGnm1uajKrNOJKBMNpxB1fuyS4oKDkdfWSLgtJ5szM4thZgrR4UP9ka_SYPFvdkpCUgMS3qGcw3nPmMGiUAuvg4NlBWBgcQ-avb8wfhWJmcGngHGqC73s0tw&key=AIzaSyDBeBhQkLxb3tKDr7QqOhWdZr9nbFBWCIA"",""https://maps.googleapis.com/maps/api/place/photo?maxwidth=800&photo_reference=AU_ZVEFwuteX47FeGdORVnr99xVhDDeqOcSkNiQBJNqNeudrHZirErsciF4uyOdnpRR8NwaQ0CwUrmh4C358j0902lj2QeyMlL2oI_-wcFQFegFlzJr9VHcrXpuaAEAoY6duCe6SUTimdqpy4afzjnaxBVYlf8KR1xWT3Q-fNGEA8inUgLVMkXqjLPzV6qWIhRf_nUqrX8WVcWG5THAvWCdtVjzTzT8U2COu-dpeP2HvsTMzmn1fTP_ZHNziAz7IiaiEd6aNSESTJOLhYm6gN05zuFxLzRLFZZNe5Vo7cZpWCOH7EA&key=AIzaSyDBeBhQkLxb3tKDr7QqOhWdZr9nbFBWCIA""]","[{""author"":""Jen Johnson"",""rating"":5,""text"":""From the very beginning, when I called to set up an appointment, I knew I was in good hands. Awesome customer service ! Very fair price . They listened to my needs and helped me to figure out what nee""},{""author"":""Granite Cornerstone"",""rating"":5,""text"":""NEW PROBLEM December 8, 2025\n\nHot Water heater and Flow Tech Max\nMy water alarm alerted me to water around base of 20+ year old heater last night at 7PM.\nI called PlumbSmart at 7:05PM\nAnd asked for th""},{""author"":""Suzanne Johnson"",""rating"":5,""text"":""Prompt,friendly,professional. Adrian serviced our water softener, water heater, and RO system in one visit. We were presented with three options for each item so that we can pick the best one for our ""}]","[""Monday: Open 24 hours"",""Tuesday: Open 24 hours"",""Wednesday: Open 24 hours"",""Thursday: Open 24 hours"",""Friday: Open 24 hours"",""Saturday: Open 24 hours"",""Sunday: Open 24 hours""]",https://itsjustplumbsmart.com/,sites/plumbsmart-plumbing-heating-and-air.html,pending,sarah@itsjustplumbsmart.com,https://plumbsmart-plumbing-heating-and-air.netlify.app,complete
Heath's Air LLC,"555 W 2nd Ave B2, Mesa, AZ 85210, USA",(480) 470-7777,general contractor,ChIJH14L802pK4cRRvVMB0hY5Sc,4.9,283,"[""https://maps.googleapis.com/maps/api/place/photo?maxwidth=800&photo_reference=AU_ZVEGyLV9q9SqN-kDSNw8nwO3WtTYzbKSU5443sGDIzlSnFbeijtK0T4ej9qpIBOoDhss4Pr-J5KuDgYqukF1QBEOrbU_eutL6_RTawwazFM19tCckO_vwzs5auoj141Aw015fX8KWNWqBBpdvSeMYNU3Kxojkod_JNwTNAvFi3YHo24txLsJRiIolle-4MN4mMaXd_6n6e9Fkd3ZQ4Rov4Wdz5lWoB7cMj3-t4q69sv4jaEkwQZB2n-rytVarBctKocc6rHSx0GGR1LdwDgbLVuN2GKvMHVzvgfX0k0cN8KX6tw&key=AIzaSyDBeBhQkLxb3tKDr7QqOhWdZr9nbFBWCIA"",""https://maps.googleapis.com/maps/api/place/photo?maxwidth=800&photo_reference=AU_ZVEHNHL7c5Iz-rCxdTri299d6m4T-WoKBohZIDCpjGRS4Are4I6uzRSflV4W0ktJDTEO4V9yGG8-z3XmorgQt02E8HoR9W3zBsOE3eT4XhFbPbcQ3gu0O4_MLZ6_FWLz1qbsLmWy-pzSmC46B5zLJw353w9kjXjAU-asTinM0uMVOZTqABE_mVopueijMTluMpZZonBk-vu1abzRXkwV_o9tFb6OWrIUcG-Ou381qQGu0Vm-emrU_NCOonMOg33WWsPku0qN5fVOUBYrr3KkVFr_ex0UJDb1n4CBm9Vccoeq6sA&key=AIzaSyDBeBhQkLxb3tKDr7QqOhWdZr9nbFBWCIA"",""https://maps.googleapis.com/maps/api/place/photo?maxwidth=800&photo_reference=AU_ZVEEE6StwAfhUc15SUDh3Mks26tgV2Byw-vtu0Rc73TL1bXZS4V4vtCexd3_5cPRn8hYxqjvkw9LW_uvLXLNjx9qpuDxqPXDWA9IRFjwO6hyF85TCIL4BYJiBOVMV7pQmdtllCJ-ZdMW1Laf6PYzKgDog0NfCfGirzOC9eVT_G07ddVwuXgpLAODlj5ISczTKJNNty1c2ioNm7qrn9wfnBR1V9wpyDXc_lQ-gKQkE1O28hM7Xy-sM53hmj5gaYsn0crZ4REq1P0gyWgk5SNs8SzD5WYm-CmJruxxZHmi9M8YltA&key=AIzaSyDBeBhQkLxb3tKDr7QqOhWdZr9nbFBWCIA""]","[{""author"":""brad Brad"",""rating"":5,""text"":""Best labor warranty and good price on a new system. Everyone was professional and Heath came by afterwards to make sure all was installed correctly. Went above and beyond helping me with an unrelated ""},{""author"":""Tim Dulany"",""rating"":5,""text"":""I have used Heath for over 10 years for my new AC unit installation as well as servicing my older existing units.  I send all my commercial real estate clients to Heath and they have all been super ha""},{""author"":""Jack Zeppelin"",""rating"":5,""text"":""Heath’s Air is professional, reliable, and easy to work with. Their communication is clear and timely, and the team genuinely prioritizes customer comfort and trust. They provide great value and a con""}]","[""Monday: Open 24 hours"",""Tuesday: Open 24 hours"",""Wednesday: Open 24 hours"",""Thursday: Open 24 hours"",""Friday: Open 24 hours"",""Saturday: Open 24 hours"",""Sunday: Open 24 hours""]",https://www.heathsair.com/?utm_source=gmb&utm_medium=organic&utm_campaign=tmg,sites/heath-s-air-llc.html,pending,info@heathsair.com,https://heath-s-air-llc.netlify.app,complete
Precision Air & Plumbing,"3045 N Colorado St Ste 3, Chandler, AZ 85225, USA",(602) 490-8566,"general contractor, plumber",ChIJd2A_WMipK4cRATOOUNeHdfE,4.7,4906,"[""https://maps.googleapis.com/maps/api/place/photo?maxwidth=800&photo_reference=AU_ZVEFyhwaT9v5avv7hBOwZQG5IC6udo9uCHeXaDzjPXvsq3Me9JqsoTDiFpYS5erJTl18blnFH7DVZf3P7sqz0S8TPInZS-jnGsvqoZxKZhGhZtsjsu80XnOhnFPb8sEPSCjavNqM4k2RMiW7FaaUCXvL2x_GvAtLqPbOiolg2TT8P1tKrK22vlORiN4qcI_lQEsjorIO3DOX9kfgho7nXfe4GjV7KPnFnep7cLCSSQNQT-xd3L1fpjuamWBsXEsXA0Au9V0_L2ml5lXNWYA7pFfn2IeyW6q1_etoL54rDycYJ7w&key=AIzaSyDBeBhQkLxb3tKDr7QqOhWdZr9nbFBWCIA"",""https://maps.googleapis.com/maps/api/place/photo?maxwidth=800&photo_reference=AU_ZVEEG5u18WQLseimkXVCNlD1GS-v4VwxvebHhvBIFYstxriWwIhVzcTyK-kflRLwDuHLtjIX9eH1O492sKaN7R4ckoZ3vpepgKqVfMXf3IUpPYg4ePFcWq4YtjX1w246Qs-hOxEkEjxWriNnvoURRXol7n8iKZQMU3WXL9PQK36ne8l2FlHRH9xUjecxiCQPSDVEHpYxyqGR01NHdpYVnKYteoSpOEUkz38_pCuHQDoI1NdwfbE6lxbiOyptwUkc8URaRM2AZnxlh9p_jaimfvqRQAiZPoQVMaoJ22eD-X5bukQ&key=AIzaSyDBeBhQkLxb3tKDr7QqOhWdZr9nbFBWCIA"",""https://maps.googleapis.com/maps/api/place/photo?maxwidth=800&photo_reference=AU_ZVEH87f5nnvgEywVviHVU8kxLkrSCJyNrs3zGZwmyaVUhNlUDYsFcWlZ4gjo8O9oQVhIlkMtfutSaXWPg3RUCD_qEo99T9L_8igPMEfUClhs6o3dOBSf0SecXYdyehVMYME3IqVw824piaqjCqUl6KCZOhNr9mRT3BwoIjxtCfLCSmLd0bAEdJXVVfDfbj15j1Br7kvSvHkr8eQ-TLDWHgQ8Aow_uCjlj8SY24DMvYRM49j2AqEiCM-FTVqDkCXyoIx9BfrLWqibSLutbn6lWLqnd6bdoeOEVNoyai87pa2Qu5Q&key=AIzaSyDBeBhQkLxb3tKDr7QqOhWdZr9nbFBWCIA""]","[{""author"":""Jacque Boyd"",""rating"":5,""text"":""Chris Moody from Precision Air & Plumbing did a fantastic job servicing my AC today. He was very professional, knowledgeable, and took the time to clearly explain what my system needed to run more eff""},{""author"":""christi mohney"",""rating"":1,""text"":""I have been a loyal customer of precision for many years. we were talked in to the vent cleaning service and I'm sad to say the amount of dust, drywall and paint that was knocked off in and around our""},{""author"":""Charles Timmerman"",""rating"":4,""text"":""install went well. we asked to reroute the condensation line from running across the roof  into a vent. we were told...no problem.👌\n\nthe cleanup was was not what we expected.\nthe unit...duct work and""}]","[""Monday: Open 24 hours"",""Tuesday: Open 24 hours"",""Wednesday: Open 24 hours"",""Thursday: Open 24 hours"",""Friday: Open 24 hours"",""Saturday: Open 24 hours"",""Sunday: Open 24 hours""]",http://precisionairandplumbing.com/,,,,,email_skip
Goettl Air Conditioning and Plumbing - Phoenix AZ,"4611 E Baseline Rd, Phoenix, AZ 85042, USA",(602) 517-0039,"general contractor, plumber",ChIJm2mOVdoOK4cRX23E2bR0XG8,4.7,13804,"[""https://maps.googleapis.com/maps/api/place/photo?maxwidth=800&photo_reference=AU_ZVEG1c0FsqsmAvX-zxD3CcOMPH9kSUVMhG69qJSZ6PyFXIMIy-b7_fBRrYyAJ2fW3gFDq5X2_kp-ObrkAsuf9_AQBNo7ezzyKvtiSlRMFfD1p75UvEDBjaSrAKYRMD1acAs-9SvlfEQxjlWXNrJcAu7x9acanggpeckjS_BzGtkzcG30ZyDFTgmygnnurtFBwGSGPY8tQCZhTdVIUDhG-X-ecUTRiESrMkjNRfKF-wyu68N2v0LQUL9YCbb7LdzFhByjZ7Q06aholWQKd3ucvjWjMdLJq5gJBjrQVLUzDaylTWA&key=AIzaSyDBeBhQkLxb3tKDr7QqOhWdZr9nbFBWCIA"",""https://maps.googleapis.com/maps/api/place/photo?maxwidth=800&photo_reference=AU_ZVEEeSneZqYNFL8A1nVEForKO5koOAk1v-UC2jM3XjzEtaFx66eoY0t41jNCTsHxqGiTXD-FVZIUZqyHTDCAkLnPjZuyZk7jOugCTxSiRzoZtvZmTDOHQUu6frS9JoQdtfSg96aS8IP0ThM57gKXqLLFV9Lfgo2fxIWxbo_Ti5lSOdteMFWVh7nVcLJaq4rfrXCryHFA6qw7qy-XKNb97xWh69tqnFa6ESfRZss1IvhwoJZhTYTVuBLJ2sAtRbWgpFW14yxPJizzdNWptiM400XRl64z0FB_CNjN1857JebPrk0Es5IdJwtO1C3UB2tUmkjqc1EEMQ6wxFOgmCb8w15pa2awSSxGUxHAXFj849pIMYgEOZg2x3ooa3Cs2-i2dC14ivcSZ6hDXrlPAjFlm1IZvAJ5CkpDhNPMLE6SQ8TQfRTs5vIY4hzqujDAR1SEp&key=AIzaSyDBeBhQkLxb3tKDr7QqOhWdZr9nbFBWCIA"",""https://maps.googleapis.com/maps/api/place/photo?maxwidth=800&photo_reference=AU_ZVEEkTgPvWrfDo6qsdNQ5sxdXwvS89kpBXL6QzEj29X_vpYyLLFCPGCbRy3dW5OgOOY16uG8FO9GtUDpxIBDqrfRoziScvIeYlOeG8YWYJOukOcZ1aKdUuzhbtU2xwOhRSQB4-hxpV37RWl7nIGM14-dvt2-l0NURQk2BI-urCFMA-bcLtUqLEBN5yKaUob42Ji2MwXDVDY_hjBfGxLCv-Cc9QAo3Ky8likGogO0D_4xmgVpq_8CCyXDUUJvGDQaVfFKHGFcSSDeGC4bijrEGo1J5aeoNf1ZDbWWnfehj0k_pdv_Z3O-Oio5r1bNuDPUJ76Exww_h7rRSHFbItpQ1IBCEEASqIeSufMdO7n8skfjTuPdDj--sC1qeGAlNRn3pYqAvsNkvzyqfB5G2PbFr9mamukooPwpt69aMcDkXvpxfug&key=AIzaSyDBeBhQkLxb3tKDr7QqOhWdZr9nbFBWCIA""]","[{""author"":""Sam Emilio Contreras"",""rating"":5,""text"":""Had it Air Condition serviced Goettl. Our service was done my Frank Monroig. Totally professional in every way. He was thorough in his inspection and very forthcoming about concerns to make our old un""},{""author"":""R Vail"",""rating"":5,""text"":""This was the first time we have used Goettl  Services and Frank KNOCKED IT OUT OF THE PARK. He was extremely friendly, knowledgeable and explained everything in detail. Give us 3 different options to ""},{""author"":""Robert B"",""rating"":5,""text"":""Parker came out for my preventative maintenance this time. I’ve been using Goettl a long time and they’ve always been good to me. Parker really set himself apart from the rest of the technicians I’ve ""}]","[""Monday: Open 24 hours"",""Tuesday: Open 24 hours"",""Wednesday: Open 24 hours"",""Thursday: Open 24 hours"",""Friday: Open 24 hours"",""Saturday: Open 24 hours"",""Sunday: Open 24 hours""]",https://www.goettl.com/location/phoenix-arizona/?utm_source=Google&utm_medium=GMB&utm_campaign=PHX.GMB_Google_Business_Profile,sites/goettl-air-conditioning-and-plumbing-phoenix-az.html,pending,cherrie.sumpter@goettl.com,https://goettl-air-conditioning-and-plumbing-phoenix-az.netlify.app,complete
JMAC Heating & Cooling,"1843 S Old Greenfield Rd, Mesa, AZ 85206, USA",(602) 279-2665,general contractor,ChIJBUtTivClK4cR3QLfH5ZiMyo,5,768,"[""https://maps.googleapis.com/maps/api/place/photo?maxwidth=800&photo_reference=AU_ZVEEQvB-D-g4koK-ekQdCymdkvcDd8hWysqPzLUKM4oHwZih79AA2LPZc-Um93kMTbDfLaT4YD9YolP_WSQHEcz3uDcL8xfDSRsin-QN7d_0gISiic7Vqjv0GFyWv7drKGg6YJ5HnDVlJDtsjFhvNm7VsCD3eSt5jdH75g_N5zeq2VhexHMpkHcBEzroey8yaLuoraA2iBiILAh7T3EEEtgsHx9LMspbl53-4eMq79DfyMdleVYtKkgbjYlxXALN6SeFB-kClA-Ht8sj36M_nkWU5OJP_NwrSxJE1RLMqSyhbV_jwDtKgDRX0yR1F7qc_nHHURGQ67oFFhUWDgXTqWFfq7newpz9E0C1V2ejCZY7j5nPAemUzETKIUssNiKo8chmzjF8pBTKbR3L8uuMfAZGtlvUo7xBdVOIWdOlP1-ZqXA&key=AIzaSyDBeBhQkLxb3tKDr7QqOhWdZr9nbFBWCIA"",""https://maps.googleapis.com/maps/api/place/photo?maxwidth=800&photo_reference=AU_ZVEG9jBRGyUlbQ5jkgd9l79pfd7fVPyYNi9OQ0IhaahKcfAtL_AjHxpE0xJwQn3L_aCuEk91KD8c1rXmWUg_7v_Vl0pP4sUAtMKYFwoDWNTA0UHhY-3p8k-XFHm1ynK_3r3HqwSAQFA_8SAcGLMATC5sZMQnMqZSuqxh_ESvA-xPX3hp-F-2Wm3LNIZ3IC_2Oxpb8nEpX-F6RPAHAWqxwFgM_vEoLqYbvmpK7PC_WJoVUybCmbFTztEaui_2CNWUUa4EXRp6LtVZDPqFDGMxVtnu4dpCXrK1efzt3ACrxkdjPnAd0kFswBFm9sf38dOWJbncNF7bu53Re2tlTAXp56wAxYWwDroh45rPlb1z7TyB1g5UJeVMZ1AI-y3JHt9dOzNKrk33PrhaEvu-jGX-WXGdO2sjFVK8AqIEy3fumz9DBngDH&key=AIzaSyDBeBhQkLxb3tKDr7QqOhWdZr9nbFBWCIA"",""https://maps.googleapis.com/maps/api/place/photo?maxwidth=800&photo_reference=AU_ZVEHnZiGRbhZXCMcyOd60-xf1BHfFPMfDC37IarABS3KHcAfD5pr1yKfIMKqHwrdMNrnrh8jj6yh6H0HlTdesw2YCk4Uvg4bfCg3rs_dOfQGP8psiT-w4Sl7J8pe2pdaw8FZNtTdwib0gU24Fl_Pe4xAnhtpFphDmbKBDSUWfQ002V9cnc6iNAWtFrfImM6uaZv5MAYHcd0OfmRqzNlfTGDL34HRu4WaXuj75qpUk3wP9vooNeVgYLpU62Qrb3j4jEX-l28YZTAHjHdnyqILT4su3Np-A-ogY1tBHESR6kVMcuWxpgeZWwOawFdNU7TTrrAf5ASK1QEUedNyPDnTXttxbXZVCBSPTcot1CcP6uXGM8qNwWQdVWScW2e8y6piBxTMOeqrrRs5nq-RH9da5YkhaFBmx5Jgd4W0tr81A3BP4JSuA&key=AIzaSyDBeBhQkLxb3tKDr7QqOhWdZr9nbFBWCIA""]","[{""author"":""Nyla Tarpley"",""rating"":5,""text"":""JMAC did my annual spring check and cleaning. They’re professional, dependable and reasonably priced. Been using them for over 20 years and have recommended them to several friends and family who were""},{""author"":""Sharon Altieri"",""rating"":5,""text"":""Jake and crew were fabulous, clean and neat. Jake was so helpful explaining the new system and setting things up for me. Would highly recommend JMAC to anyone looking for service or new units""},{""author"":""Doug Smith"",""rating"":5,""text"":""Issues with the heating system\nJMAC sent out a most competent and friendly technician— Tanner. He went to work and got us back up and going in short order. And this was on a national holiday. Try and ""}]","[""Monday: 8:00 AM – 7:00 PM"",""Tuesday: 8:00 AM – 7:00 PM"",""Wednesday: 8:00 AM – 7:00 PM"",""Thursday: 8:00 AM – 7:00 PM"",""Friday: 8:00 AM – 7:00 PM"",""Saturday: 8:00 AM – 5:00 PM"",""Sunday: 8:00 AM – 5:00 PM""]",http://www.crycool.com/,sites/jmac-heating-cooling.html,pending,jake@crycool.com,https://jmac-heating-cooling.netlify.app,complete
"Penguin Air, Plumbing & Electrical","3710 E University Dr # 1, Phoenix, AZ 85034, USA",(480) 525-5400,"electrician, general contractor",ChIJOTqMFuAOK4cRplqJ0jXa8As,4.7,6306,"[""https://maps.googleapis.com/maps/api/place/photo?maxwidth=800&photo_reference=AU_ZVEFhaeF-C0CaBQztCV5_J7MUpO0PrDPVjfSq1gxzgVPeioGRJAMe44kPw6-Z9VNqG41C910wm4x4541gO9vnDO6cEVyA6dcQOndrT9Kh0jdvsY9PpMHn_ighcry3huQuWRBb9rJ5BhEQRUW68vj1VHhP0gdsgDO-m542EWnji0Id0ywP2kKS8Scij4YbbzYMOFczMhOcFjuDnaEiA6vo8S-j_Oat6XKq1tkZKXuVsaqWFCvEai_voIA8nrQC6QZt6amQtjbggleUG6B2zbDzcttrgaqPrKaiGPJ-oRMEKqWG7w&key=AIzaSyDBeBhQkLxb3tKDr7QqOhWdZr9nbFBWCIA"",""https://maps.googleapis.com/maps/api/place/photo?maxwidth=800&photo_reference=AU_ZVEEtJXdV2VdnQudk4eqQ3bDhzL6M9rMvY-yxt1eYL4pAgcVNz8Wv_dkizOiFp6XVWUFUy_br1kRtUKUAqI6u3tIxkbA-DRj8A9nq-xNf6Juxnhz-nm3TjOM3IgJdruvYCACqEUvCxuvkIclh2bNF2nFKD_a5srQjRvyE9MX7IGXJheNZUPuzd_px8sLrX4PXCl9_lhDOrf2oEbi5sgZryn32IGQbFieVmtAyvJEtPHfxF6U27wY-cfeAndRcssgjpUkRZTT_JgxIRQOTfAx8gCATONtxFiAuEG3tjixItPkoew&key=AIzaSyDBeBhQkLxb3tKDr7QqOhWdZr9nbFBWCIA"",""https://maps.googleapis.com/maps/api/place/photo?maxwidth=800&photo_reference=AU_ZVEH8mnffqjVtPPM4JamfPViCylt6pMlN4T2EWqUbfGkuaq9fk1CbaB2AwcyjmWvXSjOUrXXs54vK2oMEGMVtpjCKjtWxp8G_tGilwrK9lPSxk8EWyDDCzTq6QKYqJjCZ4rffBAjfd9J-0djTtHc2cFrjU1jfzurMzNqc_DYvZ_RvButWn4hAnlEwwJIJLRrEMi-xzg6dDAi-RuFLtaTkI3z5uHfMdGZgr87tkIjXx7Z_KElePKgKXuHN4KYo1EqAvYYPkhaX0K1p02ajPB3xTdSo2Kp730XVk3CF9Sk2IObFBg&key=AIzaSyDBeBhQkLxb3tKDr7QqOhWdZr9nbFBWCIA""]","[{""author"":""R Schmidt"",""rating"":5,""text"":""Technician Tim went above and beyond with explaining HVAC system- how it worked, what causes the break downs and how to avoid costly repairs by having them come out every 6 months and check ( they hav""},{""author"":""Stephanie Ramirez"",""rating"":1,""text"":""Misleading and Unfair Business Practices / Membership Misrepresentation\n\nHello Penguin Air,\n\nI'm reaching out regarding my $20/month Penguin Air membership. When I enrolled, I was verbally told it inc""},{""author"":""Robert Hintz"",""rating"":5,""text"":""I needed to get my garbage disposal replaced. I called Penguin Air. Got an appointment for the next day. Their tech Darius was friendly, courteous polite and very professional. The repair was done eff""}]","[""Monday: Open 24 hours"",""Tuesday: Open 24 hours"",""Wednesday: Open 24 hours"",""Thursday: Open 24 hours"",""Friday: Open 24 hours"",""Saturday: Open 24 hours"",""Sunday: Open 24 hours""]",https://www.penguinair.com/?utm_source=google&utm_medium=organic&utm_campaign=GMBListing-Phoenix-AZ,sites/penguin-air-plumbing-electrical.html,pending,pgirn@penguinair.com,https://penguin-air-plumbing-electrical.netlify.app,complete
Western States Home Services,"3065 N Norfolk, Mesa, AZ 85215, USA",(480) 531-8858,"general contractor, plumber",ChIJYQfaksipK4cR9uOaRSTgupM,4.9,1510,"[""https://maps.googleapis.com/maps/api/place/photo?maxwidth=800&photo_reference=AU_ZVEGQ7D_Kllpvs1n7ob3gqcYbsa00bqxsG__Hzz6JTSIVa7D6oahqeRK5ESYnx4C5K85NmKzpYu9ejWyEN3tpeyFUNehDlrEygaLNK398XX621EfjcKWRwu__Jx-zAXNLa7jAzpzMnbM4KNPoL-bCEczfgfLD-836VOl7PUASBic26J0uboIUEdAYpSj9KEpuMGCywXFEhh_ncVvxMXC1Llm16k08ifZAv9MKayrXiv7CyFnTFVS50GGdXcKCOzU0Lk-v3Dsbq4-HcQJZ0ZK281h4zmN0RrEaka2DxPYc5L3BrA&key=AIzaSyDBeBhQkLxb3tKDr7QqOhWdZr9nbFBWCIA"",""https://maps.googleapis.com/maps/api/place/photo?maxwidth=800&photo_reference=AU_ZVEGd3CjbR0DHdMnluRO6FWKUAtXmFVJxHS3RWB2bh1NsXQGYNBn_9oRsMHtR2o8U27JvAJYLQk3xnsdLQhnzdWVADVMOX9GnaoEXrE92dZeUSMf7aA2cL6Uju6CXgPHWxLbbVkIOirWht7HBsOuPzPw2rQd-qIksB2eFovVhWAxrZNaF71H0GG9MuMa_cDpTVs96GM5r33_YQavm16Qs-b6n1rEYYvXmbsPMU5PsHq9oC6BnaxlAZzk1r5En4F32SZnbKm52QOoSlaMYf_Muc2XGu3mQaRsISWQP_4xLCwbPjnb1NumTpAH-Ez0xlQtY7FcVpW_4_khrtJFsmY1eiar6WTeSMTifkqGZi7pzYILdRQxxjuFjZvb77DdZCoFztxVrZfI64OhwKmak78QtpDr3BOoFq12wpV_A9QFT1hw&key=AIzaSyDBeBhQkLxb3tKDr7QqOhWdZr9nbFBWCIA"",""https://maps.googleapis.com/maps/api/place/photo?maxwidth=800&photo_reference=AU_ZVEF1E4Ht2-TqV9sDqlL67l1pOmMxIa6Oxtyw35CYHnLJlSn0ggMbBJSHPND6UamtlQ1gMlhPHUT0xINk8wWejJHiAq0RFcP8AZT5s55Qx3pkisru9DiIvQb4GQv5J0xAy6yhc1_gKWr2vcd8NiCTG6awxtRcF-C96e96rN5rPjCNIqeP7OfBQOTvb1yaPjyEnHoQJen6cTk9_VPggb7IgTvEif8Yeu1V9LoNT44KV0Vg3a4XZVGxVNCwt2HThVWsqptKXZB_jK3bsYcVDqJIqafb6sFgXkZo-Osyq8q1kzTRGLW6rftUVDP9tO9w782MW_EvWGBEHnDCMhkM1k1qHOkCPQtGJYtkqyIt9TcKrabmDfWD9hvQD5gFR9I2BlfZu7KCOS0jCbYPzBHdL0DMVMh2YLQBlcjYeNFGvh3f94UfKz3tw4pjGodMBP_xTOAE&key=AIzaSyDBeBhQkLxb3tKDr7QqOhWdZr9nbFBWCIA""]","[{""author"":""Sara Ramos"",""rating"":5,""text"":""They’ve done it again. We’ve had our units under warranty with Western States for a few years now. We had Jason come out for routine maintenance and he was amazing. He answered all my questions, was p""},{""author"":""Phillip Walker"",""rating"":5,""text"":""Western States Home Services represented by Jason is an exceptionally good company.  Jason went through the options of air conditioning equipment and finance services very clearly and thoroughly.  We ""},{""author"":""Jacob Sampson"",""rating"":5,""text"":""Yonathan and his crew did an excellent job installing a new unit in our home. Very polite, very knowledgeable, and very efficient. They were done an hour earlier than they originally told me. Excellen""}]","[""Monday: Open 24 hours"",""Tuesday: Open 24 hours"",""Wednesday: Open 24 hours"",""Thursday: Open 24 hours"",""Friday: Open 24 hours"",""Saturday: Open 24 hours"",""Sunday: Open 24 hours""]",https://www.westernstateshomeservices.com/?utm_source=google&utm_medium=gbp&utm_campaign=mesa,sites/western-states-home-services.html,pending,steve@westernstateshomeservices.com,https://western-states-home-services.netlify.app,complete
Lipovic Heating & Cooling,"723 N Hosick Cir, Mesa, AZ 85201, USA",(480) 964-4930,general contractor,ChIJWQ6N4ZGnK4cRskmF4wKdoc4,5,109,"[""https://maps.googleapis.com/maps/api/place/photo?maxwidth=800&photo_reference=AU_ZVEFLKFhea5NcHZWOzDIc4qHRtxWU3hAfoc6NHfU_vMg76i37e-fvixlUXzNIeXnUYd1dZ3pd0PTyAZqxcVKU0OAcn78QX0tn_U-YkuhkX0g5wRna1VEqg-4yX8lbwMxybfX9tCvIVjzoEk2sycNS-CiPpyH7dTVYeSwsK1hIVc2SpsDYDrlXeVsxgIKTIoP8PKyo7UUn4nbhmokxem5TrI-J7mG-MUNbLWG1lgzEVR0X0q0t2lYl8UFLqdzX4tTm71u41teuekg1dGd627updpGr0bHZ7gGoHH3JJcsOJei_4Q&key=AIzaSyDBeBhQkLxb3tKDr7QqOhWdZr9nbFBWCIA"",""https://maps.googleapis.com/maps/api/place/photo?maxwidth=800&photo_reference=AU_ZVEEtYGlEE0OneGSzAiFN-gca1MYWAAohjB1LFevjaNCAKUnwXLmOLYCPN1ZHLN51_xcWAniQdVDyxvsD2FvEErKE8OJDj7r8jPr0gR8RO69Wu64H_z7TSsuo-qzReW0hFZOkQPlllr3E6bW4ypRccBZLaeJePR-6XHs9XgGS2Xy6WBKkboyZ6Km5iE6_PAuZflJ3tjqnDbT4kSzLoLhN3arxfyZsQH8sCt1qMPLu0CLCdKTes9zmmy3NtBSImIF5vblYk9jZl1QP8AkeVeUNAs-UG1Xf1lkhLBoo_c5PLn5UJg&key=AIzaSyDBeBhQkLxb3tKDr7QqOhWdZr9nbFBWCIA"",""https://maps.googleapis.com/maps/api/place/photo?maxwidth=800&photo_reference=AU_ZVEE6Ti0tmXW2HxNeianQbxPrh73zDOmpVRAlC7ZrfI6RRA0GzGhsUHRm2Cyg4IAj5Lds-PkqNNr6iHBLmB4mYo32ymK2saRzXUhtdlXooNBYAE1j4tOV0VxqFqxWZAs_ZvnU1CO3YtycUPAl6b8BapUpnpSeTPKntn4Nr7Tf0xxtKbEn45yyG3yXynUL3ZczGYqylHY2D6VBGr_x5KxUd3sgVPyiF15W8X_MokUpboXXrcHHy5p7Pf_vEgivIppUp7umOgnnNqX38z3zvgenydJFK20u2tTqeYrGJfqmtkuOsA&key=AIzaSyDBeBhQkLxb3tKDr7QqOhWdZr9nbFBWCIA""]","[{""author"":""Mark Hartman"",""rating"":5,""text"":""Highly recommended. I was referred to Ivan a few years ago by a colleague. He performed maintenance on my systems and was honest and fair. The work quality and advice were great.\nWhen it came time to ""},{""author"":""jynchelle Olsen"",""rating"":5,""text"":""The service, quality, and value that you get when choosing Lipovic is above and beyond excellent. All of the HVAC crew members are very thorough and detail oriented (and they're so clean). Ivan does a""},{""author"":""susan dryden"",""rating"":5,""text"":""Yearly I have Lipovic Heating and Cooling inspect my Trane AC unit. They’re reliable, offer honest pricing snd provide outstanding expertise in this field that customers, like me, rely on. If you’re l""}]","[""Monday: Open 24 hours"",""Tuesday: Open 24 hours"",""Wednesday: Open 24 hours"",""Thursday: Open 24 hours"",""Friday: Open 24 hours"",""Saturday: Open 24 hours"",""Sunday: Open 24 hours""]",https://lipovic.com/,sites/lipovic-heating-cooling.html,pending,ivan@lipovic.com,https://lipovic-heating-cooling.netlify.app,complete
AC by J,"7595 E Gray Rd #1, Scottsdale, AZ 85260, USA",(602) 607-0943,"electrician, general contractor",ChIJT4GqRUV0K4cRhEuAsLFbhik,4.8,2347,"[""https://maps.googleapis.com/maps/api/place/photo?maxwidth=800&photo_reference=AU_ZVEFlM0yZoo49KXtGVmnJ6NHWRq5S1PRArn3238db7I5rGRiz9oGJihM_A20sX1ekq2XZO0q8tzM2jsJTnkt3Dj7Qev6IZO_Ynr7PUqB6wAYuq_EbpmSFX5Eyui6IytF2UXMsebILNjwUSd8PtQTjYmCGFaMDDwuu0F8OdoQ5iZMD2-cbHIzV395kNQtwiKyFPSnOm5Kk8PV-uMnzxY6jRTvUihmsnzhP6-kqG49MJfdpXeWd3YwNs9zI8vlOeVG9LeGmy25Y0KiRkJnA2KtOw6rWKVigIsWrW1Jbn2L3gIw&key=AIzaSyDBeBhQkLxb3tKDr7QqOhWdZr9nbFBWCIA"",""https://maps.googleapis.com/maps/api/place/photo?maxwidth=800&photo_reference=AU_ZVEFyBoRckaBuzDUyCon3O8_Lk4uIEzf-QSvJ4ZPISTRto1efN4QUgkGu5IqCAWkfvGjO1uczuaUoxv-yTa6agYo3PN_Wt0qGqBwQxOmd6oao-x0KZJaQsz_ZDlZqHlBdw941PIrZBmVq8bDOb6p3jQSl4tgioi79VJm0seOFgi3J0bVgUHVjtznaa1FSN_GbIRWN3aj-67_bNlfWRI4gsBGtcxtlZYjs1HcpUttwSM-_fSt3pEO1ILa2dCL6iTdAntiSwdPlOZpiwkaqCD4Er2U-zSMyWDIFn3Q7r0pex3A&key=AIzaSyDBeBhQkLxb3tKDr7QqOhWdZr9nbFBWCIA"",""https://maps.googleapis.com/maps/api/place/photo?maxwidth=800&photo_reference=AU_ZVEGrgVSBVOU8AazzxJ2YwNuHkcpsI6iP-OpqflEKHDvJWXu1qjgEQarMyLmS6OUekZ6ZWet9uOGFCFvsvt8pu97b7ZIr2Q686x6BhuKFW4o_1QVS2ST9imigVkdiRwKES0ClH3E-hvqqlBvnmJwGL7rvYStOAxRmlr76zm0aIjh_UDX1Q31dqYpM_MaSQQ_ge8JtzDRLuvnePYqejKFbdzqpA7GSJfFb7-XMVl6W-HJk_Aenbafi8kLHTry3ePEVcPfceQ3wTyMRWy1hfbxC3CvsJ4miAKVwvtQHTf2nfKppSZTXNZqg2rNsSegdyqTiGo5Or-0SSEG05kj-YCkqNzTFDvrq2aXi9LrxYaqRCQ9hueyJyrtRF0Q9bGhens0G0cp7oJSgSDJdzAD5e0Ndsbmd3AGIGnS0AAHl1dT5MFhnag54&key=AIzaSyDBeBhQkLxb3tKDr7QqOhWdZr9nbFBWCIA""]","[{""author"":""Scott Freburg"",""rating"":5,""text"":""My wife and I have a park model and the current AC and hest setup was from 1989. As we just moved in we didn't want to make a big replacement but it was necessary. We contacted AC by J and they have i""},{""author"":""YReed"",""rating"":5,""text"":""We had an emergency water repair that suddenly appeared and Jimmy Joe is the man to call. He is very knowledgeable, informative with a great personality. He was flexible in scheduling and offered opti""},{""author"":""John Furrow"",""rating"":5,""text"":""Richard came out to do a tune up on our AC unit in September. He was prompt and thorough. What I appreciated most is that he was very clear with his explanations of what the service options were and w""}]","[""Monday: Open 24 hours"",""Tuesday: Open 24 hours"",""Wednesday: Open 24 hours"",""Thursday: Open 24 hours"",""Friday: Open 24 hours"",""Saturday: Open 24 hours"",""Sunday: Open 24 hours""]",https://acbyj.com/,sites/ac-by-j.html,pending,freddyp@acbyj.com,https://ac-by-j.netlify.app,complete
Scottsdale Air Heating & Cooling,"722 S Perry Ln, Tempe, AZ 85288, USA",(602) 834-5334,general contractor,ChIJI1YPWA8JK4cRvJhUjtERH3k,4.9,1407,"[""https://maps.googleapis.com/maps/api/place/photo?maxwidth=800&photo_reference=AU_ZVEGwb_eSCo0LpEeuZHpta0T85lcQL7L9AiOv0vhx1VU4eV5o7sbe0_TpiByTp-jOHRYBWvqYrGKrWTIA96iDfnGMFUPVOacg_7jLIYkW3qRUxT_fR4cDbg8OH8v041z4dQRHalglBq9-weYYU3gnKA-67-jSYZ726XJ-ww94fXS0K_yjopw4W50rkOUYrO0-yQON1Df7jFMAyiVPh5GwAv5NqYI_IZNs_QCODe1zmEDc0a2nVtwWAZrJrC2b8RaN2RTKH8bfIHRafFdIT0zuiD6TjYt4PvLgkSgvjKskP5ubIw&key=AIzaSyDBeBhQkLxb3tKDr7QqOhWdZr9nbFBWCIA"",""https://maps.googleapis.com/maps/api/place/photo?maxwidth=800&photo_reference=AU_ZVEHQYIcU-exN-yRRNsiUx0HH3JnojwqFC9Sm22ag4rh1He6PyQSwj7UbuKq8vKcws1YqyaWuV-T9ekmRREsC6B85bJ93yigEV18ZBdD1ntWnmeoVCWKUfEXV4iLNDvvFng0J-vTLqOeuvxX0SNpb4k4dDEJ-HqY1an8N8807fPw6FblE7dGKnhJ5FqP13PTfHj-ZQyqWqmLSXhXmDvZ6poiGXBQkGaaZ9ZTXjZ39Ok_qjGTfOEn3gIweIkr-w2jceqcR4egLne_fjWu2LOJ4VgKlkKIaWyPdO9Fm2J1HiQ0uF2dnFvwVGVkq1yql5NiqrPqd0hBO6529rWzbl7NpGydSk6K_W3YKmJSRDWcmWITdjWWdxfyStfmroMmMJizhzNSBDbF4SLiAsc0M87Zg52Qp-8o2pWAWViDSfL_rOd_DQTE&key=AIzaSyDBeBhQkLxb3tKDr7QqOhWdZr9nbFBWCIA"",""https://maps.googleapis.com/maps/api/place/photo?maxwidth=800&photo_reference=AU_ZVEFcmrCvjC7X_waKjBstBs0o0QrXlxLJDOnrEA7Z-plW1xYA-mY1nUUIyAvS8tEf-pif6ZY16FBIlt0vp0bZzaPBWh70sfGsX0Raie6--nMDH9qB9hO4Aja8tYOmFlbzi5d5G59g7n1wlaqYw_xkmRN3DcYUqISWKgtVQ7iDxaGV-1JZ8vdVa_odAC3hY3wR5gSX3fcg9K3k5TyPhYt3fW1-xkIF_q8zqJs-OaT4d5WHQ5tzDW5686KXHM_XCqOZ-y3Cov_TYfpGlRRurZFJ4uQnDfFuQNMLceIscZ9-JgEsQVVDxPNg7eEN-VgpPb9E9iC1lKefc4BA3kWnyH8BjNrNowZH2KzyfSDw-DaqGr61HgNM1mYjt5zwehYpYZL6MoUaUyplrbwo0bW_n-H050DOkFK-jQapiicpVD3Ok2QfjGh-&key=AIzaSyDBeBhQkLxb3tKDr7QqOhWdZr9nbFBWCIA""]","[{""author"":""Scott Haines"",""rating"":5,""text"":""Service technicians Hector and James were courteous, professional, and respectful throughout the visit. During their inspection and maintenance, they identified that one of our compressors is approach""},{""author"":""Vince Nobles"",""rating"":5,""text"":""I had my unit installed 12/24. From the salesman that did a thorough pre inspection to the install team and the attic insulation team. They all did an amazing job. They left the area they worked clean""},{""author"":""Brian Skow"",""rating"":5,""text"":""Patrick Fair and his \""shadow tech\"" did a super-pro job servicing our HVAC system. Courteous, knowledgeable, detailed, and communicative. I've been using Scottsdale Air for over two decades, and highly""}]","[""Monday: 7:30 AM – 4:30 PM"",""Tuesday: 7:30 AM – 4:30 PM"",""Wednesday: 7:30 AM – 4:30 PM"",""Thursday: 7:30 AM – 4:30 PM"",""Friday: 7:30 AM – 4:30 PM"",""Saturday: Closed"",""Sunday: Closed""]",http://scottsdaleair.com/,sites/scottsdale-air-heating-cooling.html,approved,service@scottsdaleair.com,https://scottsdale-air-heating-cooling.netlify.app,complete
Scottsdale Air Heating & Cooling,"4747 E Thomas Rd STE F, Phoenix, AZ 85018, USA",(602) 834-2160,general contractor,ChIJlzlFE_cMK4cR0RUC2ynarq4,4.9,406,"[""https://maps.googleapis.com/maps/api/place/photo?maxwidth=800&photo_reference=AU_ZVEHvfH_nTAc-eqKIQ_ttmupZzYHb6Gj1fAIw3dBAVirbGCrq277kfzN661kJ7mpEC_Q9qqVeR5GSNm5tezMUUzZfmHufeHhNA6JIW4hpd0MeK1JnC-_s9AkSUJ9xD19hlfYv_HoUzWi9Mmq3AzqR4oUns7kcnywretKxqMyVJqD9qAj32t038XczOzxLRMHoZq452okKgSBd7VBdan6vSPPJmwE7EjTBVnK3Ad-amdoTGdiN7FE5dADhJf4M4dZwhOhrLrFqqockeFUeBd6cmCq8R-cyjSeuFxMZbVKQlbHzJg&key=AIzaSyDBeBhQkLxb3tKDr7QqOhWdZr9nbFBWCIA"",""https://maps.googleapis.com/maps/api/place/photo?maxwidth=800&photo_reference=AU_ZVEExdkrM-JAX65uXp6LW8z0wGjo6dxEQ-Lr_xPs2pJFxA0a4942U64uWhICU7wWjMMDTuXt8YQ45I0tXHwohaBzxPz6ziWbWvkOQs6cOIhBwKFxQUfqUbN6JPrcccqs_YPQBG4dqavObOScpQilooc8ArJbzkitUWB9E36ZUAxHq6c_qROmOORKiz1ufjkI1ZdcCmxhAgZxbWaIhHUwK0aBt_ESEVYhByQIt0EkmVlOccYuYqqnoT8Y-OUYKsAeWyHyp8wFN_29oSefcKpon6P2MOdtCEb0H1jotXVBIIk2FMA&key=AIzaSyDBeBhQkLxb3tKDr7QqOhWdZr9nbFBWCIA"",""https://maps.googleapis.com/maps/api/place/photo?maxwidth=800&photo_reference=AU_ZVEFuQ4KZuH5_3rG0_F51TUCKgjlALlB61tedLamAx43SlDOY6vhNhFi3Sy_7fMnS0VJw1dV3j4gDMwGOjYyB4PVTUd3H8hgCOiJqGEG-S_EsQTH7_eI9v_yC8iD6xoyKR3H-9gG1xjoDcoj9t5Znpo8OdWKtjj-iBN9hlvEg-YrNtynzAEaG8-yIsl2ELvQGhfwuoK7HmSo2nPzNe9Lrl4vwgCMdJwjAkUURBhUwieeKNYpP_WI6C0O-8QaK8lEgBHRVuw3Gl9kO_zwlwyN1QnXF2vsMoG5gupVYjIZ26lRALQ&key=AIzaSyDBeBhQkLxb3tKDr7QqOhWdZr9nbFBWCIA""]","[{""author"":""Eric Heetland"",""rating"":5,""text"":""Patrick came out today to service our air conditioner and did an outstanding job. He showed up on time, was professional and respectful of our home, and took the time to explain exactly what he was do""},{""author"":""Bruce Silber"",""rating"":5,""text"":""Today I had both Thomas Harwood and Jerry come out for my annual maintenance for my heat pump. They were so friendly, efficient and professional. They were on time and even let me know when they were ""},{""author"":""Kay Roney"",""rating"":5,""text"":""Have to replace whole unit so some questions /answers don’t apply to my situation. Cole is a  professional, such an agreeable young man and it has been a pleasure to have him at my home.""}]","[""Monday: 7:30 AM – 8:00 PM"",""Tuesday: 7:30 AM – 8:00 PM"",""Wednesday: 7:30 AM – 8:00 PM"",""Thursday: 7:30 AM – 8:00 PM"",""Friday: 7:30 AM – 8:00 PM"",""Saturday: 7:30 AM – 8:00 PM"",""Sunday: 7:30 AM – 8:00 PM""]",https://www.scottsdaleair.com/,sites/scottsdale-air-heating-cooling.html,,service@scottsdaleair.com,https://scottsdale-air-heating-cooling.netlify.app,complete
Maricopa Air Conditioning and Heating,"3011 N 73rd St Suite 111, Scottsdale, AZ 85251, USA",(480) 941-3945,general contractor,ChIJmWFqjVwLK4cRLvm_A8URe9s,5,4,"[""https://maps.googleapis.com/maps/api/place/photo?maxwidth=800&photo_reference=AU_ZVEGnM56oCx0uvJv66h4xVcjwCwVeemqcaFF1PEss1HTjxhlHFOoQAWtj7O_DHpp_fRbISZL-Mk3k2I5OmC6rEOYbXYtM5UIwew94NFQsSjCl86Meig7E4PjDa2s1xg-FMDKyOv7-_olV2_ey61dVVKd3ncPrNaq9a8G81RmjSxWzbu9DJ7r_iOxSCEyHnGYOb0Z7F-590OZh7AYCYPZ3VmeF-2V_CHFFn_Q5SCxCJGdqany73Wy_vjvJX4G2b23ME4oBSKI6a_yBoxuL61bZiftqqLubCXV6sdqOmsbGEIGxzw&key=AIzaSyDBeBhQkLxb3tKDr7QqOhWdZr9nbFBWCIA"",""https://maps.googleapis.com/maps/api/place/photo?maxwidth=800&photo_reference=AU_ZVEEWYhEQ-eLaA_jSR1RidoOcBMfw11UH9e3DfPiEIO8R3j5t2WNPJl_NIm4111cRhTSN05hHqgBWdKAYNtlFL0oUcVDI1UxQbrTt26wq6KBDdJH9jSgbnjVH_KG3cgBmC7slbrPSEAECCDY_cupgxtHCkeXGj-RF2fjCji1OG6gvdVyEh7IC4-1g4sFThhl0znBvtTlCsDA-Nqi10dxfDXFV27aEpcsRtiIMRm239okYpCSsM8vzX03LhHMRnqRuQsXj2XiCkldFHDOt58P9lStM7YWUYIp3ZRIuLDpYHTM9lw&key=AIzaSyDBeBhQkLxb3tKDr7QqOhWdZr9nbFBWCIA"",""https://maps.googleapis.com/maps/api/place/photo?maxwidth=800&photo_reference=AU_ZVEGpAQO6LLoyXsv-O_hNMmagW9KvfwWEdZD0M7OL4xKz8JiDtGzYxqrimjMJCkhBlyqdkLZd63N6sypLS9no46emnS9G2i8lktD1PfzRwu7b_XOErrgZuU8ylnMdfHWpvOEW1fev2ZSaMJqiHsj4Z57kdpqSrzFza3ESLtAjHAcUDfhLV9BDMiieYywxb4qsLGu59PIEESXPo9pqdZwIK7K9TJRLSQkm_XzBg9YJ0wBtVGg3HMjsE5dCtzm4utfL6EeqcviaqS-lmxAoiLssZjw-a4PFtLJUcS7xqiAsNJ8YBg&key=AIzaSyDBeBhQkLxb3tKDr7QqOhWdZr9nbFBWCIA""]","[{""author"":""Chuck Wasson"",""rating"":5,""text"":""Been using Maricopa AC for over 20 years, highly recommend.""},{""author"":""George Frasher"",""rating"":5,""text"":""Maricopa A/C is always on it!  They just tooled up my Air conditioning for the summer!  :  )""},{""author"":""Frederick Simms"",""rating"":5,""text"":""I was able to get on roof and watch tech Lonnie do his thing.\nI never been so impressed with a guy's knowledge and expertise.\nLonny did a thorough and professional service and check up of\nboth units a""}]","[""Monday: Open 24 hours"",""Tuesday: Open 24 hours"",""Wednesday: Open 24 hours"",""Thursday: Open 24 hours"",""Friday: Open 24 hours"",""Saturday: Open 24 hours"",""Sunday: Open 24 hours""]",https://maricopaac.com/,sites/maricopa-air-conditioning-and-heating.html,pending,email@company.com,https://maricopa-air-conditioning-and-heating.netlify.app,complete
Alaskan Air Conditioning & Heating,"9590 E Ironwood Square Dr Ste 230-E, Scottsdale, AZ 85258, USA",(480) 999-9901,general contractor,ChIJy19ODnh1K4cR9inn1rgD3QU,5,317,"[""https://maps.googleapis.com/maps/api/place/photo?maxwidth=800&photo_reference=AU_ZVEEXVIQyymOaFsvQphr_aTxTxmcxWIwNvnLSaMfNF5UdPM6evCYKCoiFUaKcDl0g2wG-A0zgo_4iNMYfw66pykLmkEHw47MqbUSPBx6mPmsnxESw0I-i6nIJBLho3jq73BnmMxWFk9oNDhx4DeitJsLjWFC2kyPNh6DoKs4n8YmVi2QJ4Y2to4_H0SITfP2AF8fPEqXSOuTrED-HuFpy07fM6msIjyXRZBIG9nxvmbo1uvmzL6iEjAQaEZtSLNSPstyxnsKii3b_bLaspILXmDMXcrOmM8wL8Tv9HAZ6mQaoMw&key=AIzaSyDBeBhQkLxb3tKDr7QqOhWdZr9nbFBWCIA"",""https://maps.googleapis.com/maps/api/place/photo?maxwidth=800&photo_reference=AU_ZVEGufSp-HG71YPIrOM_QPWGxSjY0O_XbmDL4nmvBwAERcD4_4cwqP5nEoYsZDtrZflV9zNsB2eXaPmQP-hQfc1gU4JrYbCkP25MAhrnyt7IIJRr16ZKx_kRhLuw4G9TD0Vkcuu_HTB-4NF8VBs_bPNbjtXINniWIWW2tqdHky0pcVKH3P8YvuFrJuNc7-aCHuTT-KapWpIWN9Q_OiafBJDynRgx7t2Z7zDLmRhguTQ4VzX4RMD9I8cjr9EZAhGQVaFDEu9EVAjsJDJLWHB8UrIM6DJVhva7qzMO6UVg8GWqYIw&key=AIzaSyDBeBhQkLxb3tKDr7QqOhWdZr9nbFBWCIA"",""https://maps.googleapis.com/maps/api/place/photo?maxwidth=800&photo_reference=AU_ZVEH4dRRYo4uexZj4r9mh-8GqbLWB1h2jE4OlUA85_T-1zqvAlc86myuoG8o2601GDjyOqa4wTlEwdAjee_FatXk_2O6R-l2CP2ixKNCB4ss-C30J6JSTyxyl8xGMv03BKTi1dDD9-ttYuvzmtUCIv3GkKlE8obUQ7bX8teyMhgQQva1AYBqGKrAXiCQv1ftSyd-ngATUX9K2K4-uUokveCInluq3wZT2iwAJvMjgLlIYc2O3yTil0irxQLIYb0uiZspYa0d16JG26SRGvStf94bHlMLeqvQNPAU0rBr0UJdHMg&key=AIzaSyDBeBhQkLxb3tKDr7QqOhWdZr9nbFBWCIA""]","[{""author"":""Dan Sharkey"",""rating"":5,""text"":""Elijah was great as always in his work ethic, professionalism , and excellent in repairs knowledge. Always send Elijah back to repair our AC and heating units. We like him.\nDan""},{""author"":""john brady"",""rating"":5,""text"":""I called Alaskan A/C and scheduled preventative maintenance on both my air-conditioning units.\nDylan was my tech and kept me informed during the entire process. He explained how he would service  the ""},{""author"":""Jeanne Kelly"",""rating"":5,""text"":""I have a service contract with AK  Air and Heating. Elijah comes to check the performance of my AC and Heating twice a year. Elijah is very competent, thoughtful, and kind.\nI've never had trouble gett""}]","[""Monday: Open 24 hours"",""Tuesday: Open 24 hours"",""Wednesday: Open 24 hours"",""Thursday: Open 24 hours"",""Friday: Open 24 hours"",""Saturday: Open 24 hours"",""Sunday: Open 24 hours""]",https://www.alaskanac.com/phoenix-az/service-area/scottsdale/?utm_source=google-gbp&utm_medium=organic&utm_campaign=*578*alaskan-air-conditioning-heating-scottsdale,sites/alaskan-air-conditioning-heating.html,approved,ryan.h@alaskanac.com,https://alaskan-air-conditioning-heating.netlify.app,complete
Larson Air Conditioning,"7363 E Adobe Dr STE 101, Scottsdale, AZ 85255, USA",(480) 470-1280,general contractor,ChIJHX9FfDl0K4cRz9_AVCgKpoM,4.9,1760,"[""https://maps.googleapis.com/maps/api/place/photo?maxwidth=800&photo_reference=AU_ZVEH9l1r0PdmSEvLyvCC5yjlFpljyGJXJt8dooaopZztErwXfgJnHWKO597Zzpcj3XIdrrNL7sCIE0beQnjOSDdl4kJdXAcfBNZczF3jCvDkZqkr9QTmGWHg_ti6N0nnu_tLN7Txz5yDZJYAOSIFcyFQ5OTLwYhHPbr59Lovx5Vkpn4CZEPrlgbze-eWNHrBl47anhItQRYhvcwl5L8DKgDM7UjAhPoEqiv-UxnmhVPs96xJPeUnSxBJcpPtukqIlgRnBMoUhSZua2K74t0civs1aIrGBmxHMX1xgfFHjrjUmmw&key=AIzaSyDBeBhQkLxb3tKDr7QqOhWdZr9nbFBWCIA"",""https://maps.googleapis.com/maps/api/place/photo?maxwidth=800&photo_reference=AU_ZVEGw3yqqtCtvsdm27F5viMnmXg8_1OxD07yWgim0V2Yfr4XqVcWnjFPFVVnycRVUMdHAJ7-n05ff09cDf4OFnu86XoxsKDnFWdZ6PeY8fot1YdOardEqswQTc3elahNy378hxZroOtwhvn0IsgCUFISAa30Aiu-32aq1h8-AgG0eOthNeJyauh_781EQX_fY8DZA9p9WpfV5NInfM5JAYkP3mQz61h7KykW2ec8m9KiHZ-P-2xHdezUloPE7fAz0oRW7dcRAb0Bl5EMTTKSJWotI3PWWo6UQ3S_xcN1U6NgdmA&key=AIzaSyDBeBhQkLxb3tKDr7QqOhWdZr9nbFBWCIA"",""https://maps.googleapis.com/maps/api/place/photo?maxwidth=800&photo_reference=AU_ZVEF90qhAMr1W-etPMRUlKOgnbH3L3bUB0xzEc-DoTHN2yam0rG4iO2hhsDZXIqzu4YXm2Hvb6jASfrQ1vbG-dfO9I4oXIdNJC1--Ji5FLstVseCpbN-S6JK-0jeTvU5_-LuIZbPTf3O4aRifM4Aw_jJtqxMFZyWbv5D9EYJJYLzm0moePgxuvXlcRPMViaOymlf9Z5lZvGWe5LkzIHNqsXrI3_F2F21XvWB8EyDNDd1pIeJ8hHgjSKm0sXf14WOnr5GPdHvqcdkZUWpsbFDhuXPVNSsOO0vtHdqKSZOcCl7BWQ&key=AIzaSyDBeBhQkLxb3tKDr7QqOhWdZr9nbFBWCIA""]","[{""author"":""LR L"",""rating"":5,""text"":""Juan was superb!\nHe was in (very appreciated) communication before his arrival, and came ready to get to work.\nHe was cordial, knowledgeable, and professional.  He appeared economical in his approach ""},{""author"":""Toni Vienna"",""rating"":5,""text"":""Larry, Sam, and Joshua were professional, polite, and on-time in replacing two HVAC units. They went above and beyond by helping me change a very high air filter, and swept my flat roof. They wore pro""},{""author"":""Bethany Baumener"",""rating"":5,""text"":""We have been with Larson Air Conditioning for about 8 years now. In 2026, it seems excellent customer service is dying; however, with Larson Air, you can expect professionalism and a neatly groomed te""}]","[""Monday: 7:00 AM – 7:00 PM"",""Tuesday: 7:00 AM – 7:00 PM"",""Wednesday: 7:00 AM – 7:00 PM"",""Thursday: 7:00 AM – 7:00 PM"",""Friday: 7:00 AM – 7:00 PM"",""Saturday: 7:00 AM – 7:00 PM"",""Sunday: Closed""]",https://www.larsonairaz.com/?utm_campaign=gmb&utm_medium=organic&utm_source=google,sites/larson-air-conditioning.html,pending,marketing@larsonairaz.com,https://larson-air-conditioning.netlify.app,complete
Champion Air,"8989 E Vía Linda #117A, Scottsdale, AZ 85258, USA",(480) 681-7470,"general contractor, store",ChIJp6XAhSN1K4cRrEJBBoJ3gAM,4.9,612,"[""https://maps.googleapis.com/maps/api/place/photo?maxwidth=800&photo_reference=AU_ZVEFrpTqGKfMKxt7wWQPhuqZOBvACoQQ_suqYRNQW6Zkz0dFtDcOGowkM6c88zTV_ckF_YC8k2pSFRqfFdrMv4jbKqUYJH99a41jpXiqP1_Duxef8c8Xp6Bm3uHDVm7ih04LrHfzicOW9t44hyNSUZsW3eEiMfvtEJsl7vFhCBoA_Rj7pFmf_mrE-wUfVrVr_N-gETkAFNWEhmMkehrM0o3FgfKKkq-at1qAJPuj7OdgIywkv_TwG7TkTQZjr1ip_WYU6gbPCYMnfHmaD1Lhh-l4ASHTpSVf0k-ocaRxauYbZ5w&key=AIzaSyDBeBhQkLxb3tKDr7QqOhWdZr9nbFBWCIA"",""https://maps.googleapis.com/maps/api/place/photo?maxwidth=800&photo_reference=AU_ZVEFc-u9lT07rQnloOdQ3QFdH_pbiRmi7DmWJCRuck1ickAcpOr-DS4LNiOlWZRLx7K-aiTjEK9doTVeM9VPmV1bJg_7aF8OcksSOI1V7cS9bZgiAQXEiMLY99ZSftQ9f9u0J1UbS2giTzjeJ8ToMQzHvhdpxQt1j9ZlcjYNxjmKP7x02VcX26DARMo-d7IgCd6Bn5QWoYkOS5VoyZBoEYj6lSeg1at2vw-51Zx9PPTLBfFWeM6FRpjykXk4mEHUP7qUAJqLI-6mYTnjX7lDXqK8O_zuV_FldTb7-_2NlBnpVHQ&key=AIzaSyDBeBhQkLxb3tKDr7QqOhWdZr9nbFBWCIA"",""https://maps.googleapis.com/maps/api/place/photo?maxwidth=800&photo_reference=AU_ZVEHfXxRF3xHMvYAKf-lVpSaa57hna0Ts-DCGcG9Lbv_YzUMF7Ik0_LadRpJHnanlYvucNEkRGOWgsvaAKToMHs2Mr0_G1V8UrF9_fXb37pEjoTPBr3OwwiYzVOTdLMDLFFByUh_j3PYgFPCc0vOW02lCJOipQC-4e6a7dkXHaZ-SM1vK8luOqFc3N2oOM4voDBebxmHaalLFM_0vJV14GkEDArebB446r2UhvcOy0pPq8AjqRLkIoATCeGKu4p7h-cYGBQ5fU72i652W-zDYcmRDFshM76FTcNS9Ht5ARIgSpw&key=AIzaSyDBeBhQkLxb3tKDr7QqOhWdZr9nbFBWCIA""]","[{""author"":""Eric Almandarz"",""rating"":5,""text"":""My technician was Ray Estrada, he was with someone else but Ray was the leaf.  They had to replace my AC unit.  Both were amazing to work with and did great and timely work.  There service was great a""},{""author"":""frank ramirez"",""rating"":5,""text"":""I appreciate the level of honesty and knowledge Larry had, there was no sales technique, he gave me a quote to fix my unit and 3 quotes for different ac models.i went with getting a new unit since the""},{""author"":""Daniel Milette"",""rating"":5,""text"":""Champion air is exactly that, a true Champion in the industry! Kind and professional. Our tech Alex was so patient with us and explained everything he fixed and serviced so we could understand. They a""}]","[""Monday: Open 24 hours"",""Tuesday: Open 24 hours"",""Wednesday: Open 24 hours"",""Thursday: Open 24 hours"",""Friday: Open 24 hours"",""Saturday: Open 24 hours"",""Sunday: Open 24 hours""]",https://championair.com/service-area/scottsdale/?utm_campaign=gmb&utm_medium=referral&utm_source=gmblisting,sites/champion-air.html,pending,champion_sprinter@2x.webp,https://champion-air.netlify.app,complete
All Season Plumbing And Air,"3010 N 67th Pl suite#106, Scottsdale, AZ 85251, USA",(623) 304-8128,general contractor,ChIJO_69iYgLK4cRISLTB4to65g,4.9,228,"[""https://maps.googleapis.com/maps/api/place/photo?maxwidth=800&photo_reference=AU_ZVEHXPZCKSXFN7zX_0dGCi1oHqZGukiRQt-jDQ6W10GHZ8wL6AdxwYDNvhoga6JRonMmKRx0sQoRejDDxlG6Z7NR7CWZEhZ112uYRrUb_ZXK1mrZRdtAG2gBjuUd8l7HW_StauQhLUcvllmz3oWC2Z7VLV4BSoBR75oPZSNpOdJZ_DYPH2HksvpS5WhcO8JNbHTQ4A3d4TRyTHWd4RIdy2vewFhwVc54tGrrTuiilo6R7zEIRZjQ7ipRrrc5OTOhYymno1LpWmrZtGhbnNW0vKGNpmN7auZt92f_O0zqIUgI&key=AIzaSyDBeBhQkLxb3tKDr7QqOhWdZr9nbFBWCIA"",""https://maps.googleapis.com/maps/api/place/photo?maxwidth=800&photo_reference=AU_ZVEFZfLkaOyr33ZKsoiiDDK5RHPBJAuJnr_GVw2G6PedtGFR_GoP3YFSrMUZ1EzeEs_9g9muUGJaMvRcGxVfU_tyAWmsEjIpLB2Nh5qwiLlSkQ62o140O08MPXIFVmaEMHv6bECs8Y6e6s0DzmLLJMIiogVYqyi7tPwX6Nv-vRjveUynpJsEfw89-ShHLEJPfwyzxg4RzXdI0eBbY1Nr7AkNlc0MKdHNCp-wbx0tzdtW4VZeFjJWZVNGwVvvLMCSIyZJGsaUIT6q6NW5mLS9baf3mP3dNPVkRJQ0MO8I5-qY&key=AIzaSyDBeBhQkLxb3tKDr7QqOhWdZr9nbFBWCIA"",""https://maps.googleapis.com/maps/api/place/photo?maxwidth=800&photo_reference=AU_ZVEFJ-HOtd_R-HOvk39V33vfJhRurNsoiMZpUC-Jy4C4yTHjkCEGk-bOE25tE6LTgLPuf7Iyf9t961d2WcGcP2udqrTeqSIP5dOvrMy_XFau57iT15DaSoiXz3uVIHR-xCdNH0pBrxOjqX6cFOU7XR7xyWryc2Ah4JTzijaRZflMg8svWDho8M2bPOKR7rbxGyhCg_u_ruGsFKR6X7O8YLDFaOo3jQSJqOdVOTWwV_0yhONozQg4s7TvNSPbV06AGDffJIV0m9svkZ28LKgclVUwrvcZsuuk2mmhTJXpUJVE&key=AIzaSyDBeBhQkLxb3tKDr7QqOhWdZr9nbFBWCIA""]","[{""author"":""christina"",""rating"":5,""text"":""Best plumbing company in Scottsdale! Rick was knowledgeable and fast. We are very pleased with the job done. Thank you!""},{""author"":""C Frias"",""rating"":5,""text"":""Thanks to Rick for all his great work. Wife is happy!! Will tell everyone about this great company. Plumbing all fixed!!!""},{""author"":""Kenneth Pearce"",""rating"":5,""text"":""Tom your the best I love  All seasons plumbing! Great service and prices""}]","[""Monday: Open 24 hours"",""Tuesday: Open 24 hours"",""Wednesday: Open 24 hours"",""Thursday: Open 24 hours"",""Friday: Open 24 hours"",""Saturday: Open 24 hours"",""Sunday: Open 24 hours""]",https://allseasonsplumbingandair.com/scottsdale/?utm_source=gmb&utm_medium=scottsdale,,,,,email_skip
Air Conditioning of Arizona,"7652 E Greenway Rd Ste 103, Scottsdale, AZ 85260, USA",(480) 250-3882,general contractor,ChIJp8E1Zjd0K4cRdgeCWT9h55Q,5,722,"[""https://maps.googleapis.com/maps/api/place/photo?maxwidth=800&photo_reference=AU_ZVEG_XJKQi8HLTMFFXkU_kwyoqe4pLehJlZAYKZtHaYNVGAE2S7Qpd7AY6KxqULAfHixt1jPXEGO13uv_Ze-Cje5HUxR631WKfTa5WtbFGQqZ1UEUGbNi6aBATnwQ_lK5JvO8KOnyHV1g_Ir1iQwY7fN67z-wYRJez5Xrk7EDhzskL9kyNvM-dBv4VQ3blJXbD1CxaKA6OqX3_3BrUIUxZ94fcRarmEIezgPkWRRehFG0f45lXTwaqmgZwz1tI1rwbksUa8ALs7W9NIib-EDcOnNInXBAI8q5ShHY6yLx54NI0w&key=AIzaSyDBeBhQkLxb3tKDr7QqOhWdZr9nbFBWCIA"",""https://maps.googleapis.com/maps/api/place/photo?maxwidth=800&photo_reference=AU_ZVEFIwfVL35hadHkMP1IgfAaNVIbaYMhY5B7Jx6_DCE-JhtGOqXURHoa4yVP8hLSxr002qhfyohbWmNZyo1LLAcR6kzD-Nj_JfZ2XTQ0Q1hyulS-Z4psZaqQoQeH-6A-OWHccf0Zw2yxc_IxG-3374Uoioz3UBQ_shfyTTf4CKBet7y7exPOROjkGbcD0Biu1L25I1ULM_DwlcTX6XptNUB2wrtXGuOahGtA3V3k1-JQ7vhetXNktAvY2D2PIRvM0TLm-zzPCCx57DRgVnrYZuKTMuXfbTzpX4oKrFG6qw3Oe1g&key=AIzaSyDBeBhQkLxb3tKDr7QqOhWdZr9nbFBWCIA"",""https://maps.googleapis.com/maps/api/place/photo?maxwidth=800&photo_reference=AU_ZVEFl99YOh94ZiJDZIbKj8lSIJpBkGf8-8_RdaE2ZGrkP6-WErFjjUABoAx192au1iFZAg6izASp0DcMMaUwT1cQClEyMgDx4f2s85mHgcxWVkoFThCswsa5IKbZsPcWx5c92bIyKvY9s_pQu9pYvT1ejZpztfNThtpVaO68KyogUJubwXaIw6kAGm6zOhYrbtCQDf0IimFrfwMuAHVPziyk6Uy3ijMTur8NWHjF30_Eifm62MPIstNPdyN81Y-bNioZulDdHlgF26CGDx12KGK6vMaXfnfBbThOvch69I2a_sA&key=AIzaSyDBeBhQkLxb3tKDr7QqOhWdZr9nbFBWCIA""]","[{""author"":""Robert Collins"",""rating"":5,""text"":""I had a fantastic experience with ACA, thanks to service advisor Aidan Gaeb. He diagnosed and fixed my AC blower issue quickly and efficiently, without any runaround or upselling. Aidan was friendly, ""},{""author"":""Samantha Smith"",""rating"":5,""text"":""I had a wonderful experience with the AC install in my rental today. The job was quoted to take 8-10 hrs and they were done in 3 and everything looks great! Phil, Corey and Ivan were amazing and profe""},{""author"":""Chris Sabella"",""rating"":1,""text"":""I had this company install an air conditioning unit, it was not strapped down properly and caused heavy water damage to my home including breaking through a ceiling. When I brought this to the company""}]","[""Monday: 8:00 AM – 5:00 PM"",""Tuesday: 8:00 AM – 5:00 PM"",""Wednesday: 8:00 AM – 5:00 PM"",""Thursday: 8:00 AM – 5:00 PM"",""Friday: 8:00 AM – 5:00 PM"",""Saturday: Closed"",""Sunday: Closed""]",https://www.acofaz.net/,sites/air-conditioning-of-arizona.html,pending,customerservice@acofaz.net,https://air-conditioning-of-arizona.netlify.app,complete
Varsity Zone HVAC of Scottsdale,"1403 W 10th Pl Ste B-121, Tempe, AZ 85281, USA",(480) 771-2701,general contractor,ChIJE__FPgAPK4cR157dHyriQJo,5,30,"[""https://maps.googleapis.com/maps/api/place/photo?maxwidth=800&photo_reference=AU_ZVEHMoiQ565hxpNvDhx7nsf17RcVnE0IJzvKC_aDedX4zSAcI6HCDMYVf_mwOA43UWOrmnnzyvpntE-6BFjR-B8r-33XfKoQsfT_zutZOvQuvTI8f3Og2bGV2416BEHcdcQWO6pwkDPXzJb8dBizU0IdWOGn-leAE2tp02-_qH7zb_ynK6HgXEXV1WUENlF_5zCKgc2cIsTDIPlVirbHefR5xl7uTtbPFtvardtV_QFhwX4YvMIufi72i3stUAWgEvOqSj4qK4MeJC_O37oSj3_H_bFS3Ezrd4mprBGpc7AiV5w&key=AIzaSyDBeBhQkLxb3tKDr7QqOhWdZr9nbFBWCIA"",""https://maps.googleapis.com/maps/api/place/photo?maxwidth=800&photo_reference=AU_ZVEHQcTyFDIQ1Kxrj_LUsqEFCZfTaGYGq97Iminmo4-RLlG_xdS6GsRwcK3v3GISQfmyR5zkk2ayMuuLy22-ZcIy00UHmFG-IMcBLAVtrOfmhFYa2iaqCifdU0dOcyQ4qrnPmko-4z5pnyHwnHBLCJMI8MxjoeVkETynBm8mqkAOvz1qwiWrr59o6Ij8TzZ_vrfvjq7O1LI_2lU7ErX_sxPqVL6R_5n8aMNlaYBm_nzzQ3nYBWfir1LiAeEKbBtuMT3t_86EtTPbYWKZHtYjmqCFQVwphynJHe63533kEAjoN6Q&key=AIzaSyDBeBhQkLxb3tKDr7QqOhWdZr9nbFBWCIA"",""https://maps.googleapis.com/maps/api/place/photo?maxwidth=800&photo_reference=AU_ZVEG6_mGZkWKtbgRgBOWWStzlTg-iLUWQsALRcH317z7cxzQ7VKy8ZLrHjOyNvy2oae5ZV1kjYPzkf34-dIcH_j7G788C1lGixHoegdirtfqxfM56mZdOQlCRF3F59BfswlNS-71RwNAZvmVdIcG7p7mh5xAaS-_T_IQcgZ7aWGZaYPbnADmT46ANt7Bt-O9bR3f9I1PrRMMgCczLqd7CE7kC5nzx4JSVzlTOnakhCYSEWv5dO7-4LdPzvX2Q8JDTNGwL8GnIW2ZyDtKJJK4XftyVTHiHLTL7rDK-yzEM9a_zJQ&key=AIzaSyDBeBhQkLxb3tKDr7QqOhWdZr9nbFBWCIA""]","[{""author"":""Olivia Arviso"",""rating"":5,""text"":""Varsity zone did a fantastic and fast job of replacing our air conditioner! They gave us an honest assessment of what it would take to repair our existing unit, and offered a few different units to ch""},{""author"":""Christopher Tafuro"",""rating"":5,""text"":""The Varsity Zone team troubleshot and repaired my HVAC System this week and did an outstanding job! They are extremely professional and courteous! My system was over 20 years old and needed a serious ""},{""author"":""Nick Stone"",""rating"":5,""text"":""I really love the peace and mind the staff at varsity bring to the table! Living in AZ presents challenges to being comfortable, both in winter and summer. That's why I trust the folks at varsity whol""}]","[""Monday: 8:00 AM – 5:00 PM"",""Tuesday: 8:00 AM – 5:00 PM"",""Wednesday: 8:00 AM – 5:00 PM"",""Thursday: 8:00 AM – 5:00 PM"",""Friday: 8:00 AM – 5:00 PM"",""Saturday: 9:00 AM – 12:00 PM"",""Sunday: Closed""]",http://www.varsityzone.com/scottsdale-az,sites/varsity-zone-hvac-of-scottsdale.html,pending,danderson@varsityzone.com,https://varsity-zone-hvac-of-scottsdale.netlify.app,complete
American Home Water and Air,"16427 N Scottsdale Rd Suite 410, Scottsdale, AZ 85254, USA",,general contractor,ChIJWVcz8qR1K4cRuFWEanrib14,4.9,363,"[""https://maps.googleapis.com/maps/api/place/photo?maxwidth=800&photo_reference=AU_ZVEH281XGfd1gu4WgZCTRsNOnn8Tbw1t4YyJYeCJaovto5wsHg4pwfmaINYqBGl19_mFWSaz6vAtS6who84tZwrku-4XFDNIHcwKg12FyzPX948KQCh-3v6gjWIvIp9M8O9ztJ3-cWtmY6OiRnRPDsPusoyhpdbCoMNMzPFjR4oJzJRFvQPkQtWk9yaj2gkhYNnlgoAz9a13CQDP1AotzJUJRVaJp7OErFzDc3UINCo_5y6_VIhGaTXdzXTLYpOJRuGi4p9x6SXCr6xZxjyPwoeeLY9RFheDFXCGzHijH1Ofu9LEUCE_SDg5r1ytk_KS8bSIeDLaiuP8Kkd7icGUiej90aX5p5PrEk9rCvyQTj_MBdGwB5-AAgtpefSPrl-LdCu3S6FYhptjEYlvpVc79R5Yc68eaQ9maHx9Zk9iteY3bsk1n&key=AIzaSyDBeBhQkLxb3tKDr7QqOhWdZr9nbFBWCIA"",""https://maps.googleapis.com/maps/api/place/photo?maxwidth=800&photo_reference=AU_ZVEGwfpUp9i-O1Z7Ugp3KGqkfIoEgJta5z43U0GPJk-b9sPhfJLyGiNejTJBSoS340G3LnGxNNpdUpaEs_kmBppIHuMPc1sDGSyFND7xzm1iE5e2GeGfVEjZa1bVPrXycnCWS-0edmJ-JZPqmau45wRZ5x-wDTmgK_Dd_GehN6vo5wiEymDYr8xBfc6eoufpTM7aSukmncvPHGn5_xAcSI3Ihxn1W3v-MBN7jFB1wveAeGmgzDyjNi547Jl3GmoY5_IrN4f4jM_7VY4rValg0WSyCMBQh_EK87BfYlI_O7T3rLMFiv4MrI462-7u94cWW6Nse9weJ5Km8Ii4LWSCSJ54ZKzrVUAkMgDVmBkKff9le44T-JAUQrSFAsbL0hzLCjTbL49ed_qtk8lkeXuV9FtSD1mpW2my3l1K4Z_KWU_dgPvA&key=AIzaSyDBeBhQkLxb3tKDr7QqOhWdZr9nbFBWCIA"",""https://maps.googleapis.com/maps/api/place/photo?maxwidth=800&photo_reference=AU_ZVEGcqrlG0n7Co0icfcHBtQAYuQXX02_8B62dQr3BmkaNHXL3wiZKI8Mq_XJOL7-KBZh1CcajUrr7NCkZl85DZGwjMaH66Yd5YeKQYcS7-_-wASlCuKSsii2lwNqIe8e70cjfwHPMEvYH_U_JYOoaau-kzb2oqkM6sacsb-qtu_lWjVwl8U3qsrevX2Hs1dttyQgDrr_jMBKw5uMbR0JCOrwZQfZXhdDfgmV3HnucJ6kuh02aRLjnhi9VADvSlNVJBvbYciszsLlfaTmKzYQthx3PevX7bP_8gg1KTyt12XYxWeGuxNRrtpKSI2MVoLitPqjqqOa1kHgZtgqNpbfHUjvfZ8OGeWT-NDBEdEOpZTW3jQE1X3w7wMVqWCK1qnlndQSddKmEjY5nGYGggmaaIGpFIlQTlcKDR87_XBX1aqc&key=AIzaSyDBeBhQkLxb3tKDr7QqOhWdZr9nbFBWCIA""]","[{""author"":""Christian Carvajal"",""rating"":5,""text"":""I am so impressed with this company. I needed a quote to replace both of my AC|heating units. They came right away with a very good price for Trane units. The day of installation, they showed up on ti""},{""author"":""Eugene Chung"",""rating"":5,""text"":""I had a Navien NPE-240A2 tankless water heater installed (previously we had a traditional 75 gallon natural gas heater installed by a different company). Also had a new water softener and new reverse ""},{""author"":""J Thornell"",""rating"":5,""text"":""I have used this company for several years.  They are the best!  I now request Omar each time.  Always prompt and professional.   I have hot water tank drained each year and filters changed in RO syst""}]","[""Monday: Open 24 hours"",""Tuesday: Open 24 hours"",""Wednesday: Open 24 hours"",""Thursday: Open 24 hours"",""Friday: Open 24 hours"",""Saturday: Open 24 hours"",""Sunday: Open 24 hours""]",,,,,,email_skip
Oasis Air AZ,"3550 N Goldwater Blvd, Scottsdale, AZ 85251, USA",(480) 485-5630,general contractor,ChIJ06mmteYLK4cROur7N-BHX5Y,4.8,208,"[""https://maps.googleapis.com/maps/api/place/photo?maxwidth=800&photo_reference=AU_ZVEGP2P3NET-UVn5F1AKBTzADnKqX2BimPQfAFEED3lQHyMk7sAO1nFZ3ivs_CTuCGD5MIXTv8EQBKB7JOzN5l_3Ierfk8ueswCTyPjt5nXYi52iBv027fy9HBh9U-H_Ur4vtym1tpHCvRRGGsMMb_1l2GEgYqtL9UG8TQ4pEfieDRrF-XFb1aej3NHWnuhWSp14FO1npLX7UiG6HMVjxXNCHoS5PlOwCU6jUXfqW5NUPaKUvr1iTUTIdGDHP5HJJNEQyRTq0uG_pW5Bknk3o9R5smeTJlsCh18AvKy-9Rql6Kw&key=AIzaSyDBeBhQkLxb3tKDr7QqOhWdZr9nbFBWCIA"",""https://maps.googleapis.com/maps/api/place/photo?maxwidth=800&photo_reference=AU_ZVEHRLcShda5LsaqgC-zClCtRQLk-HWvyTAG9LlBpmtHkNTv6FMzPTDZhxJcN0GTy97Zwqmnp2mITLZ5-rpx_nD1rJhu0ILeii95Tiv4r5wd8ojKvWkr93EyYnRheSmkzkQ22zSCu2zVnIHZ944wtBlCMngK1QxfOW67R3cgYYw917O2CaKOOYIK_m-PwZSqtw_hK1Vw-F6lkBNCCHax1Tr1U3fIvceFdfH1fnHsMq6o6JdTnZYzB1gn66cCaOFtAj0Rcuhv-7OSAsNYO-KEOL8mGqHIylbsg72AkL7QN5JaC_w&key=AIzaSyDBeBhQkLxb3tKDr7QqOhWdZr9nbFBWCIA"",""https://maps.googleapis.com/maps/api/place/photo?maxwidth=800&photo_reference=AU_ZVEFqUN1XjcknbNOrud-4u_2911URivjQm0xGDDMZer4Uude8SwUomv9QH7vAjOFFqSxbH7CEd1a7gXEWN_XrSKz_axU8XoyoFrp6nciy5hdMWxWjM3RX6yUMxH8brmhE6UKiVQOchmlgAsYX_4cB_KY933liGl_hHYMwlGJvhjzzTgZQIaroKkWVqb_k9NQGBf5Ycruk0_XCeETiZ-KlrgoCJIWrl2evb7uXZTPXxVCsNk7Z-5L6jyLS7ELoEDfirMNpunAxLsnUmnj6fJ75oyVxcxf5U7i3TMepnt61ZIavNw&key=AIzaSyDBeBhQkLxb3tKDr7QqOhWdZr9nbFBWCIA""]","[{""author"":""Gregory Rivero"",""rating"":5,""text"":""Got back from vacation and our heat pump not working. Called Oasis Air and got same-day appointment. Mike V arrived on time and listened to our concerns. He looked at our system and installed a new th""},{""author"":""Tony Youk"",""rating"":5,""text"":""On Nov.5th. Mike from Oasis Air text me that he was on route to my house to do a routine service. Once he got here, he checked both Air Handlers. He made sure everything was in working order. Besides ""},{""author"":""Douglas DeSoto"",""rating"":5,""text"":""Roof inspection was completed and discussed with me.  Contractor  (Chris) met with insurance adjuster.  Solar panels were removed along with retractable awning.  Roof was replaced and solar panels and""}]","[""Monday: Open 24 hours"",""Tuesday: Open 24 hours"",""Wednesday: Open 24 hours"",""Thursday: Open 24 hours"",""Friday: Open 24 hours"",""Saturday: Open 24 hours"",""Sunday: Open 24 hours""]",https://oasisairaz.com/,,,,,email_skip
"Day & Night Air Conditioning, Heating, & Plumbing","3669 E La Salle St, Phoenix, AZ 85040, USA",(602) 584-7758,"general contractor, plumber",ChIJmaAujXcNK4cRhAXQO7SXvGw,4.9,9342,"[""https://maps.googleapis.com/maps/api/place/photo?maxwidth=800&photo_reference=AU_ZVEHDEDHb8Y8mTXIbX0R73CSwAZ8xnCtv39z2ifp_dJc52f-0UDTPhVdu4ZRpRgeOb2SASXhpVyaxM-wNG4IiKxjpQIsAm17ZAPaU7nRgpQtNk4ROrOFMbe3eCojdIPfSbgRr-uJPoakU38hfdFJIwK06UEYdL_qvkP7Z11WRpna39OSW8CaiTQrtwhxzvol9ysuOX-L2Eff8l-fFSHaR5XGwyc8M0ySFML4S_qItSxDelYBIvbhGUyfF_ii5EPFfX6-j_VmRP96_5kQIBhRqlDOZHJSmHs6WVPKn3ZYfzN59rQ&key=AIzaSyDBeBhQkLxb3tKDr7QqOhWdZr9nbFBWCIA"",""https://maps.googleapis.com/maps/api/place/photo?maxwidth=800&photo_reference=AU_ZVEHZYJGBWZw3_Hr7F_NnK4_4p9u0Ef2SeLO7AQIUzKxtgMP5hgF5EdsETs81pUFDsoc_XhkSdHpGgGRDXw49tFp0pVZqWCW3fW60o6FlKbeu26rR6doEqIonpI3ZnxadySAvPKknK61EDJLxONJlLOJ85YwNhGrHs7Rz5n-AsQDywsnQbQvaBpHrmx2LjCjcMZsSAcmspp8vshkkeKDV0J0WrY7zTj_htpkcDW61GHQMaxs4hnOGi2Q3aT-1UqS6LoruKDHk2hroFbte527uT4LItEfi5EN3hXtFvqQMW4zcXQ&key=AIzaSyDBeBhQkLxb3tKDr7QqOhWdZr9nbFBWCIA"",""https://maps.googleapis.com/maps/api/place/photo?maxwidth=800&photo_reference=AU_ZVEGTmwwgjiWbzQsg2U0fiBP4UiMtZvL7XKRYcsbPVaIQf8vU-gTEAOGgr7f481san4hBCr6eb1LC9Uatx0F_T-H0b5nlYh3mEp9kIHfgQE8ApjOPaMytgRuqXPO2Ob8HYc5NhyeXxcsXpyMHballNsnRrgmhgrRpx1b1qIeJ-63bxbVLpaqTeHgGwoZ0xoIVqpVYYfYbr_TTJcR4iikO0Q_Mb_NIFVC4T-IA01hkftoo-XOITWTwtKVYQC5aUSbHgoFGEWxtduIsoNO1EXlne2KnYA0X1sAuBasooA_nh7BQUw&key=AIzaSyDBeBhQkLxb3tKDr7QqOhWdZr9nbFBWCIA""]","[{""author"":""Rachel Butler"",""rating"":5,""text"":""Julian did an incredible job for us tonight!  Very knowledgeable, was able to do most of the work day of, one part needed so he ordered to arrive tomorrow and will be back to install.  I highly recomm""},{""author"":""David Forester"",""rating"":5,""text"":""Byron Byrd was prompt, very kind, worked hard to Diagnose the water leak problem, covered work area, wore boot covers, good communication,  and cleaned up real well. All around a very informative and ""},{""author"":""Tiffany Davis"",""rating"":5,""text"":""We had a great experience with Night and Day Air Conditioning from start to finish. Ken was genuine, responsive, and incredibly helpful in walking us through our options and helping us determine what ""}]","[""Monday: Open 24 hours"",""Tuesday: Open 24 hours"",""Wednesday: Open 24 hours"",""Thursday: Open 24 hours"",""Friday: Open 24 hours"",""Saturday: Open 24 hours"",""Sunday: Open 24 hours""]",https://www.dayandnightair.com/?utm_source=gmb&utm_medium=local&utm_campaign=phoenix-az,sites/day-night-air-conditioning-heating-plumbing.html,pending,steves@dayandnightair.com,https://day-night-air-conditioning-heating-plumbing.netlify.app,complete
HVAC Near Me Repair and Installation of Phoenix,"4641 N 12th St, Phoenix, AZ 85014, USA",(602) 932-1150,general contractor,ChIJ1_Q2Y5ATK4cRQfFElNkrmxI,5,4,"[""https://maps.googleapis.com/maps/api/place/photo?maxwidth=800&photo_reference=AU_ZVEG-j6OcUn2mjTXrVnOONgbecLrQ0T3X-PD-J2CZZATT6F8eHgFiudslycrsiikOPD2iw5R1IrBTs6oNz-nMk5UDx3vPSYPHiF9Rf9FC_Kagr9myqDYwHH-ord5K1Z_E5lAX54AGYBQv53b0HLNmwajYFyeNm60SGECc8oDOuVFdzs_X0lWfDuuXy7_wtTXBm5uOqbn7ZumcpQwNDpT5HZR2DOQQjKMrg-5ruKPk77w7sTA8953ruj2bbmTe-R8KSNL7anhJSQCqO-Gdllg2UbNBOtZRHaHQN1XUfBZdimI0yw&key=AIzaSyDBeBhQkLxb3tKDr7QqOhWdZr9nbFBWCIA"",""https://maps.googleapis.com/maps/api/place/photo?maxwidth=800&photo_reference=AU_ZVEEazcWFq6ZG91UqY9VXxBmEb1n0r9GFTyr_4fiTF9ZnRZ19DVOQOvIOLIi8CGe4ljRvqMvcTQs2ANas6WCR3vrU5I9qjZr7nyLiGOp8_Onz3I4jnfO6IV9NlPEFfzUDzqrLorE4uc_Sreoa2ChVPoUYR8ggVJjYKtUcX1VZ375MOr9GRTiLz-8HRkOfyMmlx-0eBqeDSMMQdTmYCvZHIshxOaeYsqKtoF2yXOYd4qR3uHtPc6HvlvGtsA8d7dcdr87ymfGyaaFpuKSktamYIKVpfILNSks9S5nKcLWUTwoRnA&key=AIzaSyDBeBhQkLxb3tKDr7QqOhWdZr9nbFBWCIA""]","[{""author"":""Alexandra Cantrell"",""rating"":5,""text"":""Thank you for the hvac repair perfect job these guys did""},{""author"":""Courtney Toscano"",""rating"":5,""text"":""\""It’s hard to find an HVAC company you can actually trust, but these guys are the real deal. They came out for a routine tune-up and found a small part that was failing. Instead of trying to upsell me""},{""author"":""Patty Beaker"",""rating"":5,""text"":""""}]","[""Monday: Open 24 hours"",""Tuesday: Open 24 hours"",""Wednesday: Open 24 hours"",""Thursday: Open 24 hours"",""Friday: Open 24 hours"",""Saturday: Closed"",""Sunday: Open 24 hours""]",,,,,,email_skip
Reliable Heating and Cooling Scottsdale,"8149 Rose Ln, Scottsdale, AZ 85250, USA",(520) 842-5085,general contractor,ChIJYfUJ60ALK4cRNqp_dtLQ7wY,5,14,,"[{""author"":""Jaylin Jaliyah"",""rating"":5,""text"":""Having an HVAC system that runs smoothly is such a relief, and these folks ensure just that. They arrived promptly, taking about 45 minutes to thoroughly check and fine-tune everything. The technician""},{""author"":""Ruben Kaylen"",""rating"":5,""text"":""After noticing uneven airflow, I called in the pros for a ceiling repair. They arrived promptly, worked efficiently, and explained every step. Within an hour, everything was running smoothly again. Th""},{""author"":""Ali Matias"",""rating"":5,""text"":""Prompt response and exceptional professionalism made a huge difference. The team worked quickly without compromising quality. Their restoration process was thorough. They ensured everything was safe a""}]","[""Monday: 9:00 AM – 4:00 AM"",""Tuesday: 9:00 AM – 4:00 AM"",""Wednesday: 9:00 AM – 4:00 AM"",""Thursday: 9:00 AM – 4:00 AM"",""Friday: 9:00 AM – 4:00 AM"",""Saturday: 9:00 AM – 4:00 AM"",""Sunday: 8:00 AM – 2:00 AM""]",https://reliableheatingandcoolingscottsdale.com/,,,,,email_skip
Cactus Plumbing And Air,"6730 E McDowell Rd #129, Scottsdale, AZ 85257, USA",(480) 418-9912,"general contractor, plumber",ChIJ67aTcKsJK4cRdjZk9NAnOLQ,4.9,359,"[""https://maps.googleapis.com/maps/api/place/photo?maxwidth=800&photo_reference=AU_ZVEFTxdkvpKSNw4JYUNlRQar8T62_9kM6obbtvag5OZ39Eki_ryMDMrM400UZx98T3oloqDNJAo2LV_gnL3u9WDK-qJ3vQGLjTaCykPTIEtDc5pe6dAucUxNv3VFPhLAxAbNW6DL1oPLFEGWCL1NmlYFTGuOfySUFOkzLQEgxcnFRAf-uBmOHIdXMlc0I8NOio4hg6dzbJTn4bL3Fwx_l0zBMLiQJGCypOjrfFzQR1wzT5oV6e3Cmq-6cRu-mj5KeaVqL85RHnX8fBCBDt5mQqKa4C6ph72-CePRwbMioHQXWbw&key=AIzaSyDBeBhQkLxb3tKDr7QqOhWdZr9nbFBWCIA"",""https://maps.googleapis.com/maps/api/place/photo?maxwidth=800&photo_reference=AU_ZVEGlVUzO5pyl8WYumiq3oE6Vz9eX6IclsvDaMyISSZ3jZfaPJoy356x_iIudGlXLTfOb3q0zzPwPSDLoAF69Q4IVqYV_2NYEtyxIBDwQ1svi2wEFthpv7XE3aO3L0nlwUPgMFmMNLcTZddOFoB7EUqOqEwYd35Ul0MiS_mIoCzfg6LIS07nHxn5ZBFCeMs3NMYzByjm0xMq8sW6FVHfju0BzLPp063E6DXT4vsHhgrc88UHIDH4IUJ6YJXVgmIpbu6Yd-ktZsrTLrAZrY4jjA_pWGzO-_RpuQasOeCN394PnPQ&key=AIzaSyDBeBhQkLxb3tKDr7QqOhWdZr9nbFBWCIA"",""https://maps.googleapis.com/maps/api/place/photo?maxwidth=800&photo_reference=AU_ZVEGbk1parS2rubN09Iwrm1Lb7JTB2eJOPobM9xJfXpveJF1pSQilSiPkN_34Fy-RTYL0HVlfp6eQW7kyOK_YXycUIAejeSsE8HvanBGLAiIZ5bfHVwhl_iifA8M4H1mh84CXpEzbmWtTuIf-L1kBJS6zqWiicXaafKsqdEGTABR7PKRXxq-0J2-ZypBvHxpHl9315R_4Pjqhkiic_P6NUsXkBcxm-fmJjnWqnYCudFYXWjbyj_TkPMfAJ13MjiSn79XVXcA5aSm1FF_uq2tI7IJX5ya0wCB2tn0bxfmZKkxC4Q&key=AIzaSyDBeBhQkLxb3tKDr7QqOhWdZr9nbFBWCIA""]","[{""author"":""Francine Granger"",""rating"":5,""text"":""I called Cactus Plumbing late on a Friday for a plumbing emergency. I had a leak at the main line to my house. They sent Nick, who was at my place within an hour. It was not an easy job. Lots of diggi""},{""author"":""Tyler Mullen"",""rating"":5,""text"":""Nick from Cactus was the best. Very thorough and explained the why behind his recommendations. I got a new water softener that works great.""},{""author"":""Ray Ray"",""rating"":5,""text"":""Cactus Plumbing was my first call for my plumbing needs for our washer machine.\n\nArrived in 20 minutes!!  Very friendly and professional and knowledgeable.\n\nThey were able to do repairs within our bud""}]","[""Monday: Open 24 hours"",""Tuesday: Open 24 hours"",""Wednesday: Open 24 hours"",""Thursday: Open 24 hours"",""Friday: Open 24 hours"",""Saturday: Open 24 hours"",""Sunday: Open 24 hours""]",https://cactusplumbingandair.com/scottsdale-plumber-and-ac-repair/?utm_source=gmb&utm_medium=scottsdale,sites/cactus-plumbing-and-air.html,pending,office@cactusplumbingandair.com,https://cactus-plumbing-and-air.netlify.app,complete
Techcool AC Repair Scottsdale,"12932 E Appaloosa Pl, Scottsdale, AZ 85259, USA",(602) 785-6230,"electrician, general contractor",ChIJkdlI-zqhK4cRWIO-0HLhD-w,4.8,91,"[""https://maps.googleapis.com/maps/api/place/photo?maxwidth=800&photo_reference=AU_ZVEGOXZAiID-WfqpCIwdWA13aZAddTThGDZXlVKxdHec4fBVynfVwC1RB-V-Dc0xOlmJ4rz5drSkX9wZVV_uD1LYFtQjGNjikLh_LFUZoNyXDAmGn2Thh4ha3jiVWpELniB7ygHixZmRW9ymCatkoRBkDDsGqeQKHXYvXAU5RqqcoTQUgLzZartKQ2JMToeXds_D_p8E07IXaAYuHzaIuT4d9lmKF_cCwV-PAOLaY2B0DCQTwFdnIMKbir_s95HuldepFsm_5WRJrg7Q7j_WeUj786wZYUancOzeuIuo-9FvGkw&key=AIzaSyDBeBhQkLxb3tKDr7QqOhWdZr9nbFBWCIA"",""https://maps.googleapis.com/maps/api/place/photo?maxwidth=800&photo_reference=AU_ZVEEf6cK4XI6SQZe-aQxP9H3Ms0F2fJuSB9BylA6CkyGd8G9EFkKvG5oifOJW_XiqSR4DoLLFT36RFbQDVaJycSLnu-3qYSRUAUhrKxxvhWZX4QZ_75yMCb5vcO2dJVweyGIl1NSxHhaCRuI3pWYG7bSzi2yhY5JxXGHWCvf-SsbRdNOw1ujY3eP8HNkkuPvnL9l1lFz4Ze-i2Uup_NAQfmtIp3473DzSfc_R7d99ai_bd24eqKl8JUACH3a61rPzvF_hehWl9bFAfb2H1sJA9WoOK9JHkfvWxzy8xCKuZZGprA&key=AIzaSyDBeBhQkLxb3tKDr7QqOhWdZr9nbFBWCIA"",""https://maps.googleapis.com/maps/api/place/photo?maxwidth=800&photo_reference=AU_ZVEHprSpEsQzXszK1YrkIIEnykOhxRl06pT4mfoei3bv02Oq9YKCQbJ1A0merIdJgYKGf6ngQrTWFelY59dvPeawQTmLBOhWOZes04HQ6I7997KgMG5asa4hu2DfjzHu32hJUxe_UmgoqhatYcmXyYZ-VVt-TZtfadnHmPolQpl79FdFo_DpV-ndlZtd4qqrCatTWu26BkNhajYIvjIbu0FP3R4hfL9ubrUrPcN8Nq6Jv6u9E_0UdEfUZJHn4dSzSuzCKNAF2Xkz1gxrg_yEgvqT8w6sUVXKtGnCWATEi_N24fw&key=AIzaSyDBeBhQkLxb3tKDr7QqOhWdZr9nbFBWCIA""]","[{""author"":""Carolyn O’Neill"",""rating"":5,""text"":""So happy I called. Our two air conditioners broke when it was 114 degrees outside, so I called, and within two hours, Andres came over and fixed one of our units. He took the time to explain each unit""},{""author"":""BCbodycount1"",""rating"":5,""text"":""Absolutely fantastic! Took care of us quickly, on a holiday morning! Andres was prompt, polite, knowledgeable, and professional. These guys are my new go-to HVAC champions. I couldn't be more pleased ""},{""author"":""Jonathan Ortiz"",""rating"":5,""text"":""Experience exceptional service with Water Heater Repair Scottsdale. When our old water heater failed late at night, causing a small flood, we needed urgent help. After researching several companies, w""}]","[""Monday: Open 24 hours"",""Tuesday: Open 24 hours"",""Wednesday: Open 24 hours"",""Thursday: Open 24 hours"",""Friday: Open 24 hours"",""Saturday: Open 24 hours"",""Sunday: Open 24 hours""]",https://techcoollv.com/nearme/LandingPage.php?air-conditioning-repair-scottsdale-AZ,,,,,email_skip
Alaskan Air Conditioning & Heating,"2428 W Campus Dr, Tempe, AZ 85282, USA",(602) 529-5555,general contractor,ChIJRTnuv1AIK4cRCO5DDhfs6AE,4.7,2697,"[""https://maps.googleapis.com/maps/api/place/photo?maxwidth=800&photo_reference=AU_ZVEF7UrZKOtNQWV25oVH_TcnYZmZAnp8g66uv78Veem4k9nEv5qPBFn3ZAohGOTfLj3nMzjafu87qEp8G0KxtP5esDrxp_2Nx3Yjc7KNqZSzOYjBjwj80Q3yFNdzu5wQvCjOSpPBD0vWrxNqEetF_uKgzcZVD65so5QAej4sVcskLKVy2HGGcXn-yH0FrD8wp5hEQGTmf1ixmTl-3vRnLcdkPneuqYKXZzfq4PCBHnQXtiyVk-s1Le0k86VfqSPAsBDrUPr0SDQxeqhTQA0WQom7cTdS25TMbFziOtKBl6aiWvw&key=AIzaSyDBeBhQkLxb3tKDr7QqOhWdZr9nbFBWCIA"",""https://maps.googleapis.com/maps/api/place/photo?maxwidth=800&photo_reference=AU_ZVEG3VOZFCSOpRe4TUgq0IzleYvolFjkAahByk_tilBl4jWdNJlRFuoakcKhQgKnvVmiX-RRvTE_fAVyWd87GmBpf8OwueFUMRurH_1xV5c4kre-nKAQoFCRIuzZ2DBo30BKE5Nd167KcErDd80l3mi3VEgvyU8v8MVlE0lxJFTmlTMrgVKpGOApsCY8vtWM9sSg6s-eiT68rvmZbO1gdeVP3l3qXjislZy30krAOvRt6GE56rOrjkHUvnIjdUQgFnOgj5aOnTY-xohwlxfruewNkbHHI8iXB2K1pmrSjqBP6-Q&key=AIzaSyDBeBhQkLxb3tKDr7QqOhWdZr9nbFBWCIA"",""https://maps.googleapis.com/maps/api/place/photo?maxwidth=800&photo_reference=AU_ZVEFktdOOmdJGc9ddM-42n1aD2Sl1VFDJrFXORoOGYOzOcAtpGly6cnOA__vQsNnH2C4rYs_AQK7C-abA7xp1CsdFC693cjctaRiOTjk5uBj2JylGdWgF7HtmtswaXsdlvNmE6FjeCDt95TzLmO3nS_WVRmrYoxn56cGGSaGrZizXCU1vCjvRiCRKFXNUQYpYaRyNL4WAk7QS57qlmFichzR7n3u98JeFQZgVOgozmrSQUTCFRZ90D9hLZ_AAZgu3CrU8YJ3odz7f527q7If7tQLwqgTcMWWciqxP8i2UkEzy7w&key=AIzaSyDBeBhQkLxb3tKDr7QqOhWdZr9nbFBWCIA""]","[{""author"":""Phil Tartaglia"",""rating"":5,""text"":""Had an issue with whole system power. Spoke with real person without navigating thru the \""phone maze\"". Not an emergency. Scheduler offered early morning and Nick arrived  and diagnosed the power issue""},{""author"":""Renee Best"",""rating"":5,""text"":""Nick was able to restore A/C to my home lickety split.   I appreciate his efforts and quick response.   Way to go Nick!""},{""author"":""Alexandra Kincaid"",""rating"":5,""text"":""We've been with Alaskan for some time now and I can't recall ever having a technician that didn't do a good job. Yesterday was a bit different in the best way.  Caleb from the moment he arrived was on""}]","[""Monday: Open 24 hours"",""Tuesday: Open 24 hours"",""Wednesday: Open 24 hours"",""Thursday: Open 24 hours"",""Friday: Open 24 hours"",""Saturday: Open 24 hours"",""Sunday: Open 24 hours""]",https://www.alaskanac.com/?utm_source=google-gbp&utm_medium=organic&utm_campaign=*574*alaskan-air-tempe,sites/alaskan-air-conditioning-heating.html,,ryan.h@alaskanac.com,https://alaskan-air-conditioning-heating.netlify.app,complete
Johnson Family Plumber & HVAC,"10859 N Frank Lloyd Wright Blvd, Scottsdale, AZ 85259, USA",(623) 220-5400,"general contractor, plumber",ChIJq611aBWfK4cR_CGRuG7F4ZI,4.8,104,"[""https://maps.googleapis.com/maps/api/place/photo?maxwidth=800&photo_reference=AU_ZVEGnmclZlnkNL4X8105kWRQKz0mI7DY17T0Kcramqy28LKVLYUc14zZM03vXW9fPMx36HF1_nJHE9enKH4yDE1YK8jlE8j_qcqNLOX2jDmoVDMfEZfebujCFBRLo3T1dlnS4PpU0S8OgTGkBPrgiXkdpoBhmd_IWFSLwpGFNz-8PKNLCVLQzCvLOHywYEMw6a6HwqTeN3KvUbn5WSssE697pVYIcVrH9JFBRLZaEQ0uig1Tq2V9D8Nyi_zPdc3MUe_ATFqeY4BfwfY9s2bYYAO1skbApewW9_J_d25HiOY1lqE3CjIpLdT_gWU13njRqBlV4F5L_m4B8paQUezSQN9y2OBUvH2OptID6tCSNVzXd3c1JNu5m-qowTdNgaybLEQY8uTWOh_YZkDw9JIeOa3Hh4mWwKo8LoVlaMkD0MSWeo3N6qN7xHDKMCDEnJ05M&key=AIzaSyDBeBhQkLxb3tKDr7QqOhWdZr9nbFBWCIA"",""https://maps.googleapis.com/maps/api/place/photo?maxwidth=800&photo_reference=AU_ZVEFxzo3FEO9edaRI-vgXE475H6YFr_1fkEh5EWGAIQT6TfiF8LYCEsYmRg1sPS3EPE2hqK-TYyH62jiP7r_4KY7XwpQcxxhAdfBBP2twFcQ65it11Z0y26zP7Fn6-EP4HIYg8bKaaZYeG_Jvx3c7JFNje1o746cLn-s3zUGqPEPS9wMOg2fdJk3TSwBU2X8ZGsentKP8kvISpINUlTtVHaVNgx_0YjXS9lOWJveCWZHhZqpE0osCjx51blJZFfLIqLeroTUiJ3gjqz5D6Fj50EbajHE6YkPc-0Yi8tTNTJQF9a4cUa-bCDSoMw6o2sVQg-tWW-vHLdvv39ohj5VWfy9tS8l7sw7ga6E5j47lgtwoC5Hbnsd0GYLMZ1v0CdiuT8D4lrinIo9unNu3wJMwFPDI2Xe5N-NQiGZA-l9GKtP4j1x_JLT6beU1Qp4B3AOy&key=AIzaSyDBeBhQkLxb3tKDr7QqOhWdZr9nbFBWCIA"",""https://maps.googleapis.com/maps/api/place/photo?maxwidth=800&photo_reference=AU_ZVEFG5Q0yYTIorhOfUvLCBqebszt3fbBalhg4wvyRsN2axwj2VDv2BmuNSVJi_xIU63IXMvCKkNsJC7DIV7FsVTafAAd5kLgZb8zfQJ9u1_ZBk_s0FWOP1LQPQ1mnzA1JCrIifLQjUoWKd4mrzeJVck_rThahNIEw1KwrYOfuvAg3wQxRTIVSZIbnvbSfT0Mk-hwWGNUhhF9REsYGYMkkO5E_ycZeQ4OeHz0xpcdn9UACDdUUGxh15h1ZxmiTwDm9jmteFgXkbzC_5HdDs6Bp-oDPIHOrafuXjWURfilbyrchRlqUTgiETMh_HT5jaxB6I4Gh1m4ZevSa4KzfB7IxBueGoloPKJ3V567NeRj8jGk0_vpWW4CvPgnGfqlWWED9NeMrmfrAdQBSZ5Y-F7_SPJGfLqG5Qc3-N7t6nhug3VZzH8qpi7q0pE6GLVYdUQ&key=AIzaSyDBeBhQkLxb3tKDr7QqOhWdZr9nbFBWCIA""]","[{""author"":""sebastian cochran"",""rating"":4,""text"":""Finding a reliable plumber can feel like hitting the jackpot, and I’m really glad we found Johnson Family Plumber & HVAC. They’ve helped us out twice now. The first time, after another company messed ""},{""author"":""Erin Fernandez"",""rating"":5,""text"":""I needed to have the faucet replaced on my whirlpool tub at home. They sent Earl to handle the job, and he was fantastic—very friendly, showed up right on time, and made sure everything was spotless b""},{""author"":""Gina Kerr"",""rating"":5,""text"":""I highly recommend this plumbing company! I have used their services for both my home and my business in Scottsdale, and every time the experience has been excellent. Nolan is always genuine and reall""}]","[""Monday: Open 24 hours"",""Tuesday: Open 24 hours"",""Wednesday: Open 24 hours"",""Thursday: Open 24 hours"",""Friday: Open 24 hours"",""Saturday: Open 24 hours"",""Sunday: Open 24 hours""]",https://johnsonplumbinghvac.site/scottsdale,,,,,email_skip
